 WRA,,, WRB,,, RU_1,,, RU_2,,, RU_3,,, RU_4,,, ELB_M,,, ELB_L,,, H_1,,, H_2,,, H_3,,, H_4,,, H_5,,, H_6,,, SA_1,,, SA_2,,, SA_3,,, CS_1,,, CS_2,,, CS_3,,, CS_4,,
X,Y,Z,X,Y,Z,X,Y,Z,X,Y,Z,X,Y,Z,X,Y,Z,X,Y,Z,X,Y,Z,X,Y,Z,X,Y,Z,X,Y,Z,X,Y,Z,X,Y,Z,X,Y,Z,X,Y,Z,X,Y,Z,X,Y,Z,X,Y,Z,X,Y,Z,X,Y,Z,X,Y,Z
263.645,316.077,36.8825,321.798,327.391,18.5136,292.676,509.335,93.6022,286.749,447.007,73.3271,322.963,448.137,34.7551,317.996,517.597,51.787,239.652,585.784,27.3492,306.325,576.738,67.224,269.468,582.892,157.025,248.653,599.786,203.66,236.165,612.746,246.16,257.535,645.054,236.41,268.137,635.52,194.593,282.102,621.485,147.265,170.236,743.262,341.19,139.403,641.922,322.3,157.466,667.793,358.327,1.23182,616.806,285.991,2.03106,626.379,315.221,45.5728,625.953,313.266,46.3763,614.305,284.749
263.645,316.076,36.8825,321.799,327.391,18.5153,292.679,509.332,93.608,286.873,446.99,73.2861,322.965,448.137,34.7592,318.007,517.594,51.7937,239.63,585.783,27.3738,306.329,576.736,67.2303,269.434,582.865,157.024,248.654,599.785,203.668,236.16,612.746,246.168,257.538,645.053,236.417,268.117,635.499,194.56,282.123,621.486,147.265,170.243,743.271,341.193,139.406,641.926,322.309,157.468,667.8,358.336,1.23258,616.809,285.999,2.03411,626.387,315.227,45.5724,625.958,313.27,46.3818,614.304,284.762
263.645,316.076,36.8823,321.799,327.39,18.5158,292.692,509.315,93.619,286.873,446.989,73.2867,322.888,448.074,34.6667,318.01,517.591,51.8003,239.635,585.776,27.3778,306.333,576.734,67.24,269.438,582.867,157.03,248.649,599.808,203.703,236.17,612.746,246.177,257.548,645.053,236.431,268.128,635.496,194.57,282.123,621.485,147.26,170.267,743.296,341.213,139.411,641.931,322.319,157.474,667.808,358.345,1.23428,616.809,286.007,2.03385,626.392,315.234,45.5774,625.97,313.279,46.3845,614.305,284.773
263.645,316.075,36.8821,321.8,327.388,18.5188,292.696,509.313,93.6255,286.874,446.99,73.2891,322.967,448.127,34.7668,318.014,517.59,51.8055,239.662,585.794,27.3726,306.34,576.732,67.249,269.445,582.868,157.037,248.651,599.806,203.711,236.174,612.744,246.185,257.549,645.049,236.436,268.131,635.496,194.576,282.147,621.486,147.295,170.273,743.303,341.219,139.415,641.935,322.332,157.475,667.816,358.352,1.24345,616.802,286.025,2.03958,626.396,315.247,45.5769,625.973,313.291,46.3876,614.306,284.782
263.646,316.077,36.8837,321.801,327.389,18.5189,292.699,509.311,93.6333,286.878,446.989,73.2924,322.891,448.072,34.6751,318.018,517.588,51.8117,239.642,585.784,27.3949,306.344,576.732,67.2574,269.449,582.868,157.043,248.657,599.807,203.721,236.173,612.759,246.189,257.554,645.051,236.444,268.134,635.496,194.585,282.162,621.49,147.315,170.28,743.312,341.227,139.42,641.939,322.341,157.478,667.822,358.362,1.24469,616.804,286.035,2.04279,626.4,315.253,45.5866,625.977,313.303,46.3851,614.289,284.803
263.646,316.075,36.8834,321.801,327.388,18.5206,292.706,509.308,93.6393,286.88,446.99,73.295,322.889,448.08,34.664,318.018,517.576,51.8449,239.647,585.779,27.4013,306.351,576.729,67.2682,269.454,582.87,157.048,248.66,599.807,203.726,236.179,612.76,246.198,257.558,645.052,236.451,268.175,635.523,194.654,282.145,621.491,147.287,170.286,743.319,341.23,139.435,641.95,322.384,157.482,667.829,358.373,1.24447,616.804,286.042,2.0433,626.402,315.267,45.5838,625.984,313.317,46.3844,614.285,284.811
263.647,316.075,36.8837,321.801,327.388,18.5212,292.708,509.303,93.6444,286.882,446.99,73.2976,322.891,448.08,34.6676,318.023,517.575,51.8512,239.677,585.789,27.3871,306.356,576.727,67.2767,269.454,582.866,157.047,248.664,599.806,203.732,236.184,612.761,246.206,257.575,645.054,236.468,268.181,635.512,194.651,282.17,621.493,147.32,170.293,743.327,341.238,139.427,641.946,322.362,157.485,667.835,358.379,1.25111,616.802,286.054,2.04431,626.405,315.273,45.5794,625.979,313.325,46.392,614.297,284.836
263.646,316.075,36.8842,321.804,327.386,18.5238,292.713,509.302,93.6517,286.885,446.996,73.3045,322.997,448.141,34.7882,318.027,517.572,51.8551,239.662,585.77,27.4065,306.363,576.725,67.2881,269.458,582.871,157.058,248.671,599.796,203.748,236.19,612.762,246.216,257.589,645.048,236.488,268.185,635.511,194.657,282.201,621.517,147.356,170.298,743.334,341.243,139.439,641.955,322.396,157.488,667.84,358.389,1.2506,616.803,286.067,2.06978,626.43,315.275,45.586,625.986,313.334,46.3924,614.292,284.846
263.648,316.077,36.8847,321.804,327.386,18.5244,292.719,509.299,93.6591,286.894,446.991,73.3072,323.003,448.141,34.794,318.03,517.571,51.8598,239.673,585.786,27.4312,306.375,576.725,67.2982,269.482,582.87,157.001,248.676,599.796,203.757,236.205,612.77,246.229,257.593,645.05,236.495,268.187,635.521,194.67,282.203,621.519,147.361,170.305,743.339,341.249,139.446,641.957,322.41,157.494,667.846,358.398,1.25008,616.801,286.078,2.07306,626.431,315.281,45.583,625.979,313.346,46.4165,614.296,284.872
263.648,316.076,36.8847,321.804,327.385,18.5258,292.727,509.297,93.6624,286.896,446.991,73.31,323.005,448.139,34.8,318.034,517.569,51.8668,239.687,585.787,27.4417,306.39,576.723,67.3126,269.485,582.871,157.003,248.679,599.794,203.763,236.211,612.772,246.238,257.598,645.051,236.505,268.194,635.52,194.68,282.209,621.52,147.364,170.311,743.349,341.257,139.452,641.959,322.421,157.494,667.851,358.407,1.25253,616.799,286.087,2.07788,626.433,315.284,45.589,625.988,313.35,46.4189,614.287,284.888
263.645,316.074,36.8819,321.805,327.385,18.5256,292.731,509.282,93.673,286.907,447.011,73.3321,323.01,448.137,34.8062,318.044,517.572,51.8778,239.697,585.797,27.4524,306.396,576.721,67.3206,269.476,582.863,157.087,248.685,599.794,203.771,236.225,612.775,246.265,257.604,645.051,236.514,268.128,635.54,194.691,282.213,621.522,147.371,170.32,743.356,341.265,139.457,641.961,322.433,157.496,667.855,358.414,1.25798,616.799,286.098,2.07446,626.427,315.298,45.5912,625.979,313.374,46.4216,614.284,284.899
263.647,316.077,36.8839,321.806,327.384,18.5292,292.739,509.282,93.6813,286.909,447.011,73.3351,323.024,448.123,34.8187,318.049,517.571,51.8847,239.727,585.828,27.444,306.404,576.721,67.3295,269.504,582.874,157.021,248.693,599.794,203.781,236.258,612.763,246.285,257.609,645.049,236.522,268.204,635.522,194.698,282.213,621.522,147.373,170.325,743.36,341.27,139.464,641.957,322.45,157.502,667.86,358.424,1.26617,616.791,286.114,2.08067,626.431,315.301,45.5924,625.948,313.356,46.4189,614.287,284.914
263.647,316.074,36.8823,321.806,327.384,18.5287,292.742,509.278,93.6877,286.912,447.012,73.3386,323.03,448.121,34.8264,318.055,517.57,51.8931,239.722,585.799,27.4649,306.415,576.711,67.3863,269.511,582.875,157.027,248.71,599.795,203.794,236.276,612.776,246.312,257.614,645.051,236.536,268.144,635.546,194.708,282.218,621.523,147.378,170.33,743.364,341.276,139.473,641.959,322.475,157.505,667.864,358.434,1.26757,616.789,286.123,2.08213,626.428,315.312,45.5873,625.953,313.371,46.422,614.283,284.929
263.649,316.076,36.8848,321.808,327.383,18.5309,292.747,509.277,93.6952,286.914,447.013,73.3413,323.034,448.119,34.8337,318.059,517.567,51.8974,239.73,585.802,27.4737,306.425,576.71,67.398,269.494,582.863,157.108,248.715,599.792,203.801,236.28,612.775,246.32,257.621,645.049,236.544,268.146,635.533,194.714,282.222,621.525,147.383,170.343,743.377,341.294,139.48,641.96,322.488,157.506,667.867,358.441,1.2686,616.789,286.131,2.08484,626.428,315.322,45.5847,625.95,313.382,46.4335,614.271,284.924
263.651,316.077,36.8856,321.809,327.382,18.5327,292.75,509.273,93.7027,286.918,447.013,73.3447,323.038,448.117,34.8395,318.065,517.567,51.9062,239.736,585.804,27.4768,306.433,576.707,67.4078,269.544,582.9,157.129,248.727,599.797,203.821,236.288,612.777,246.329,257.626,645.047,236.551,268.151,635.534,194.718,282.228,621.526,147.388,170.348,743.381,341.301,139.485,641.962,322.495,157.511,667.87,358.454,1.26976,616.784,286.143,2.08537,626.427,315.334,45.585,625.951,313.394,46.4282,614.252,284.95
263.648,316.074,36.884,321.808,327.38,18.5336,292.757,509.271,93.7112,286.918,447.013,73.3468,323.042,448.114,34.845,318.071,517.565,51.9113,239.743,585.805,27.4946,306.442,576.705,67.4191,269.505,582.862,157.122,248.734,599.795,203.834,236.293,612.772,246.338,257.63,645.044,236.562,268.153,635.532,194.724,282.233,621.528,147.393,170.355,743.386,341.304,139.488,641.963,322.509,157.513,667.873,358.463,1.26934,616.781,286.153,2.08804,626.426,315.344,45.5878,625.953,313.406,46.4513,614.231,284.951
263.65,316.076,36.8841,321.81,327.381,18.5337,292.76,509.262,93.7183,286.921,447.015,73.3496,323.045,448.112,34.8491,318.075,517.564,51.9158,239.772,585.818,27.5112,306.448,576.702,67.4281,269.51,582.861,157.128,248.74,599.792,203.843,236.299,612.771,246.351,257.634,645.041,236.569,268.166,635.537,194.746,282.251,621.537,147.425,170.359,743.397,341.308,139.49,641.961,322.519,157.517,667.881,358.471,1.26851,616.769,286.163,2.08804,626.425,315.352,45.5897,625.955,313.414,46.4566,614.228,284.96
263.648,316.072,36.8829,321.81,327.381,18.5355,292.767,509.26,93.7266,286.925,447.015,73.3537,323.05,448.109,34.8582,318.104,517.554,51.9383,239.784,585.81,27.5153,306.457,576.7,67.4384,269.511,582.852,157.121,248.745,599.789,203.853,236.303,612.767,246.362,257.645,645.031,236.583,268.174,635.54,194.763,282.27,621.539,147.438,170.365,743.391,341.319,139.486,641.972,322.557,157.519,667.886,358.476,1.26686,616.771,286.171,2.08766,626.435,315.362,45.5908,625.962,313.432,46.4521,614.224,284.967
263.65,316.075,36.8843,321.811,327.379,18.5364,292.768,509.252,93.7444,286.928,447.014,73.3554,323.053,448.106,34.8587,318.109,517.551,51.9423,239.79,585.812,27.5249,306.467,576.698,67.4518,269.513,582.85,157.127,248.75,599.785,203.863,236.313,612.764,246.376,257.65,645.017,236.6,268.178,635.537,194.763,282.274,621.54,147.442,170.375,743.417,341.325,139.493,641.973,322.581,157.523,667.879,358.49,1.26897,616.767,286.18,2.09089,626.433,315.388,45.5928,625.959,313.444,46.4591,614.221,284.989
263.65,316.074,36.8844,321.811,327.379,18.5396,292.773,509.248,93.7516,286.931,447.015,73.3588,323.059,448.106,34.8653,318.155,517.504,52.0409,239.801,585.808,27.5322,306.491,576.699,67.4741,269.527,582.866,157.161,248.754,599.782,203.873,236.318,612.76,246.386,257.652,645.009,236.612,268.179,635.534,194.77,282.278,621.539,147.445,170.378,743.42,341.331,139.498,641.975,322.589,157.524,667.884,358.5,1.27022,616.765,286.188,2.09254,626.431,315.396,45.5931,625.959,313.453,46.4599,614.22,285
263.65,316.075,36.8853,321.814,327.378,18.5417,292.793,509.248,93.7638,286.935,447.016,73.3619,323.064,448.101,34.8714,318.16,517.502,52.0464,239.816,585.81,27.5449,306.499,576.697,67.4865,269.528,582.858,157.156,248.764,599.775,203.899,236.323,612.758,246.397,257.651,644.991,236.648,268.386,635.429,194.87,282.282,621.54,147.45,170.378,743.408,341.337,139.501,641.976,322.599,157.525,667.882,358.51,1.27069,616.761,286.197,2.08823,626.418,315.419,45.5981,625.962,313.463,46.4639,614.211,285.018
263.649,316.073,36.8847,321.815,327.374,18.5446,292.799,509.244,93.7705,286.937,447.016,73.3652,323.069,448.097,34.8794,318.19,517.546,52.0835,239.829,585.815,27.5538,306.512,576.694,67.5005,269.534,582.857,157.164,248.766,599.766,203.915,236.335,612.749,246.41,257.659,644.985,236.662,268.394,635.427,194.883,282.286,621.54,147.454,170.385,743.423,341.343,139.506,641.981,322.617,157.531,667.89,358.519,1.27358,616.757,286.204,2.09115,626.418,315.428,45.5897,625.949,313.488,46.4651,614.207,285.031
263.65,316.074,36.885,321.815,327.373,18.549,292.805,509.239,93.781,286.939,447.016,73.3695,323.073,448.093,34.8867,318.195,517.545,52.0921,239.868,585.81,27.5671,306.521,576.689,67.5289,269.526,582.853,157.193,248.782,599.754,203.936,236.339,612.743,246.421,257.663,644.976,236.673,268.395,635.42,194.884,282.291,621.539,147.458,170.387,743.426,341.348,139.517,641.965,322.641,157.532,667.891,358.529,1.27157,616.753,286.228,2.09192,626.414,315.441,45.5988,625.956,313.513,46.4665,614.205,285.04
263.656,316.089,36.8951,321.817,327.372,18.55,292.81,509.235,93.7905,286.944,447.017,73.373,323.105,448.08,34.9405,318.165,517.521,52.0612,239.875,585.758,27.5435,306.53,576.686,67.5395,269.53,582.848,157.198,248.786,599.746,203.948,236.332,612.731,246.434,257.671,644.965,236.685,268.4,635.418,194.895,282.294,621.537,147.461,170.403,743.434,341.361,139.52,641.967,322.649,157.539,667.892,358.537,1.26498,616.754,286.247,2.0948,626.411,315.451,45.6059,625.955,313.531,46.4675,614.198,285.053
263.651,316.074,36.8859,321.82,327.372,18.552,292.817,509.231,93.8,286.947,447.019,73.376,323.088,448.084,34.9201,318.208,517.529,52.1026,239.88,585.757,27.5529,306.54,576.685,67.55,269.533,582.843,157.202,248.788,599.741,203.958,236.341,612.729,246.438,257.716,644.95,236.728,268.406,635.412,194.901,282.298,621.537,147.465,170.405,743.435,341.366,139.526,641.97,322.659,157.537,667.894,358.547,1.26755,616.751,286.257,2.09758,626.408,315.461,45.6107,625.954,313.548,46.4794,614.171,285.061
263.652,316.074,36.8867,321.82,327.37,18.5544,292.816,509.218,93.8408,286.949,447.019,73.3791,323.118,448.074,34.9574,318.199,517.567,52.1041,239.894,585.761,27.5634,306.565,576.671,67.5731,269.535,582.84,157.208,248.793,599.735,203.97,236.344,612.724,246.449,257.723,644.944,236.744,268.409,635.406,194.904,282.3,621.535,147.467,170.409,743.437,341.371,139.526,641.97,322.666,157.545,667.897,358.559,1.27355,616.742,286.277,2.10272,626.411,315.471,45.6087,625.952,313.56,46.4843,614.167,285.073
263.644,316.054,36.8943,321.817,327.37,18.5534,292.822,509.215,93.847,286.953,447.018,73.3814,323.126,448.07,34.9688,318.171,517.603,52.0327,239.918,585.801,27.6008,306.576,576.667,67.5845,269.537,582.834,157.214,248.796,599.728,203.979,236.346,612.718,246.459,257.728,644.936,236.756,268.412,635.394,194.913,282.295,621.533,147.476,170.412,743.438,341.377,139.532,641.967,322.675,157.548,667.899,358.568,1.27702,616.735,286.287,2.07282,626.403,315.508,45.6121,625.95,313.569,46.4903,614.165,285.093
263.654,316.074,36.8883,321.818,327.369,18.553,292.828,509.21,93.8567,286.956,447.018,73.3845,323.133,448.066,34.9744,318.177,517.603,52.0372,239.93,585.804,27.6154,306.586,576.664,67.5949,269.539,582.831,157.22,248.811,599.805,203.926,236.347,612.711,246.468,257.738,644.931,236.772,268.368,635.409,194.904,282.298,621.532,147.478,170.415,743.44,341.38,139.536,641.969,322.689,157.553,667.903,358.579,1.27882,616.732,286.298,2.07863,626.402,315.518,45.5998,625.929,313.591,46.4904,614.162,285.105
263.646,316.055,36.896,321.819,327.369,18.5532,292.837,509.197,93.8655,286.966,447.016,73.3892,323.138,448.065,34.9802,318.211,517.568,52.1159,239.941,585.798,27.6208,306.593,576.661,67.6025,269.542,582.826,157.225,248.812,599.801,203.931,236.352,612.708,246.476,257.745,644.891,236.785,268.372,635.4,194.913,282.3,621.529,147.479,170.418,743.44,341.385,139.537,641.968,322.696,157.556,667.904,358.589,1.28038,616.721,286.322,2.11307,626.402,315.503,45.6004,625.926,313.601,46.491,614.153,285.117
263.662,316.089,36.8982,321.82,327.368,18.5568,292.844,509.193,93.8751,286.968,447.015,73.3916,323.143,448.063,34.9815,318.187,517.601,52.049,239.949,585.76,27.6434,306.602,576.657,67.6114,269.546,582.823,157.232,248.815,599.799,203.936,236.353,612.704,246.486,257.749,644.885,236.794,268.401,635.42,194.97,282.305,621.529,147.483,170.42,743.441,341.388,139.543,641.964,322.706,157.561,667.908,358.595,1.28085,616.708,286.335,2.10383,626.395,315.551,45.6014,625.924,313.612,46.4965,614.146,285.126
263.663,316.09,36.9003,321.819,327.369,18.555,292.859,509.194,93.8875,286.976,447.017,73.4019,323.154,448.055,34.9795,318.2,517.598,52.0667,239.957,585.756,27.6441,306.611,576.656,67.6215,269.543,582.816,157.238,248.846,599.786,203.952,236.357,612.699,246.493,257.757,644.879,236.806,268.388,635.387,194.935,282.306,621.521,147.491,170.443,743.451,341.393,139.525,641.961,322.736,157.564,667.909,358.603,1.28364,616.702,286.348,2.09663,626.392,315.569,45.6045,625.921,313.625,46.4996,614.136,285.149
263.657,316.075,36.8902,321.823,327.367,18.5568,292.865,509.191,93.8926,286.981,447.018,73.4047,323.157,448.05,34.9816,318.206,517.597,52.0725,239.967,585.77,27.6571,306.623,576.65,67.6219,269.546,582.813,157.243,248.848,599.784,203.956,236.361,612.697,246.5,257.755,644.874,236.806,268.425,635.41,194.996,282.311,621.52,147.494,170.454,743.443,341.407,139.533,641.964,322.754,157.568,667.912,358.611,1.28433,616.694,286.36,2.09434,626.394,315.589,45.6136,625.913,313.637,46.5035,614.132,285.158
263.658,316.073,36.8893,321.823,327.367,18.5571,292.872,509.189,93.8992,286.984,447.019,73.4083,323.163,448.048,34.9851,318.183,517.555,52.0495,239.98,585.771,27.6637,306.624,576.662,67.6529,269.55,582.81,157.249,248.852,599.784,203.96,236.364,612.692,246.507,257.758,644.869,236.812,268.429,635.406,195.003,282.315,621.518,147.498,170.457,743.445,341.41,139.539,641.962,322.763,157.574,667.914,358.622,1.29292,616.688,286.37,2.09732,626.385,315.6,45.6133,625.906,313.649,46.5089,614.129,285.167
263.655,316.072,36.9082,321.823,327.368,18.5577,292.879,509.187,93.9033,286.988,447.018,73.4097,323.17,448.046,34.9918,318.187,517.553,52.0538,239.998,585.803,27.7171,306.64,576.646,67.6382,269.549,582.807,157.254,248.857,599.783,203.966,236.368,612.691,246.515,257.763,644.865,236.821,268.434,635.403,195.011,282.319,621.515,147.498,170.453,743.457,341.403,139.563,641.969,322.749,157.579,667.911,358.662,1.28535,616.658,286.395,2.09865,626.383,315.608,45.6179,625.905,313.66,46.5099,614.122,285.18
263.66,316.075,36.8913,321.824,327.366,18.5601,292.884,509.184,93.9081,286.99,447.018,73.4123,323.176,448.043,34.9965,318.21,517.552,52.0735,240.007,585.805,27.7219,306.639,576.66,67.6656,269.552,582.805,157.257,248.861,599.78,203.972,236.373,612.687,246.521,257.767,644.861,236.83,268.439,635.401,195.02,282.322,621.515,147.503,170.465,743.447,341.419,139.547,641.964,322.779,157.587,667.927,358.676,1.29197,616.65,286.411,2.03499,626.451,315.72,45.6175,625.901,313.668,46.5113,614.114,285.188
263.651,316.057,36.8995,321.826,327.365,18.5626,292.894,509.185,93.9231,286.909,446.986,73.5439,323.181,448.042,35.0027,318.216,517.551,52.0801,240.013,585.803,27.7246,306.656,576.633,67.6413,269.557,582.804,157.267,248.86,599.684,204.032,236.375,612.685,246.528,257.803,644.852,236.868,268.444,635.398,195.026,282.324,621.515,147.504,170.465,743.449,341.42,139.55,641.962,322.79,157.581,667.933,358.694,1.29279,616.647,286.436,2.03723,626.446,315.731,45.6196,625.902,313.681,46.5159,614.101,285.207
263.659,316.074,36.8908,321.824,327.366,18.5602,292.901,509.183,93.9288,286.994,447.02,73.4191,323.199,448.06,35.0351,318.219,517.551,52.0805,240.016,585.802,27.731,306.649,576.659,67.6763,269.56,582.804,157.271,248.867,599.682,204.039,236.381,612.683,246.534,257.806,644.848,236.871,268.448,635.395,195.033,282.328,621.514,147.508,170.468,743.451,341.424,139.553,641.955,322.806,157.587,667.936,358.702,1.27237,616.642,286.477,2.04492,626.438,315.746,45.6222,625.896,313.689,46.5194,614.094,285.219
263.667,316.092,36.9028,321.825,327.364,18.5619,292.905,509.182,93.9319,286.915,446.986,73.5494,323.17,448.068,34.9996,318.224,517.551,52.0857,240.065,585.758,27.736,306.654,576.66,67.6807,269.588,582.758,157.359,248.873,599.679,204.043,236.385,612.672,246.538,257.81,644.848,236.877,268.457,635.396,195.04,282.348,621.519,147.539,170.471,743.452,341.428,139.556,641.954,322.814,157.589,667.939,358.71,1.27293,616.635,286.49,2.04874,626.432,315.757,45.6256,625.896,313.701,46.5294,614.078,285.219
263.65,316.057,36.8993,321.825,327.364,18.561,292.909,509.18,93.9374,286.918,446.985,73.5525,323.172,448.067,35.0045,318.234,517.563,52.1059,240.073,585.758,27.7418,306.657,576.66,67.6872,269.593,582.758,157.364,248.885,599.664,204.051,236.393,612.671,246.547,257.812,644.845,236.88,268.46,635.396,195.047,282.351,621.519,147.544,170.472,743.453,341.43,139.562,641.967,322.836,157.594,667.941,358.718,1.2774,616.625,286.501,2.04836,626.425,315.766,45.6512,625.891,313.73,46.5246,614.086,285.246
263.65,316.057,36.8996,321.826,327.364,18.5614,292.912,509.182,93.94,287.001,447.022,73.4237,323.173,448.065,35.0037,318.237,517.563,52.1086,240.083,585.774,27.7601,306.66,576.66,67.6895,269.603,582.762,157.365,248.891,599.662,204.056,236.398,612.67,246.551,257.815,644.844,236.884,268.464,635.397,195.049,282.375,621.521,147.556,170.474,743.455,341.433,139.572,641.967,322.854,157.617,667.95,358.747,1.29151,616.632,286.508,2.05025,626.421,315.773,45.6521,625.886,313.737,46.5278,614.058,285.265
263.658,316.074,36.9112,321.826,327.364,18.5629,292.914,509.181,93.9425,286.921,446.986,73.5552,323.173,448.067,35.0065,318.24,517.565,52.1116,240.089,585.775,27.7618,306.663,576.658,67.6893,269.608,582.762,157.369,248.894,599.664,204.059,236.404,612.67,246.555,257.817,644.844,236.888,268.467,635.397,195.054,282.376,621.525,147.559,170.477,743.457,341.437,139.575,641.966,322.864,157.62,667.951,358.755,1.30487,616.599,286.543,2.05271,626.414,315.784,45.6534,625.879,313.748,46.53,614.052,285.273
263.65,316.056,36.899,321.825,327.362,18.5623,292.914,509.178,93.9419,286.919,446.985,73.5571,323.212,448.057,35.0482,318.24,517.564,52.1103,240.09,585.772,27.7672,306.664,576.66,67.6927,269.603,582.757,157.37,248.898,599.661,204.06,236.408,612.669,246.561,257.82,644.843,236.89,268.47,635.398,195.057,282.38,621.524,147.562,170.478,743.457,341.441,139.577,641.967,322.87,157.625,667.952,358.761,1.31735,616.607,286.547,2.05275,626.404,315.789,45.6614,625.854,313.754,46.5367,614.041,285.28
263.649,316.056,36.8988,321.826,327.364,18.5638,292.916,509.179,93.9457,286.922,446.985,73.5577,323.174,448.062,35.0079,318.24,517.563,52.1113,240.095,585.765,27.7581,306.666,576.661,67.6956,269.612,582.763,157.373,248.903,599.659,204.065,236.413,612.671,246.564,257.821,644.842,236.893,268.472,635.4,195.058,282.383,621.527,147.565,170.479,743.456,341.444,139.583,641.962,322.879,157.629,667.953,358.767,1.31816,616.599,286.559,2.05751,626.397,315.81,45.6726,625.85,313.773,46.5408,614.024,285.282
263.659,316.074,36.8911,321.827,327.364,18.563,292.916,509.178,93.9465,286.922,446.984,73.5592,323.177,448.064,35.0104,318.243,517.563,52.1145,240.094,585.766,27.7666,306.669,576.659,67.6955,269.615,582.762,157.373,248.907,599.659,204.07,236.419,612.672,246.569,257.834,644.855,236.911,268.475,635.401,195.064,282.387,621.528,147.567,170.481,743.456,341.448,139.586,641.964,322.885,157.633,667.952,358.775,1.32135,616.586,286.57,2.05978,626.392,315.817,45.6761,625.84,313.783,46.5424,614.019,285.29
263.658,316.075,36.8909,321.825,327.363,18.5642,292.913,509.178,93.9488,286.924,446.986,73.5605,323.177,448.063,35.0114,318.243,517.563,52.1173,240.097,585.764,27.7676,306.669,576.661,67.701,269.617,582.762,157.374,248.912,599.761,204.012,236.423,612.667,246.572,257.833,644.851,236.91,268.476,635.402,195.062,282.385,621.529,147.568,170.484,743.454,341.45,139.589,641.962,322.89,157.636,667.953,358.781,1.33184,616.58,286.585,2.06689,626.386,315.834,45.6646,625.829,313.793,46.4708,614.069,285.419
263.656,316.072,36.909,321.825,327.363,18.564,292.912,509.178,93.9489,286.922,446.986,73.5612,323.178,448.06,35.0136,318.243,517.564,52.1172,240.102,585.771,27.7733,306.671,576.658,67.6972,269.626,582.766,157.392,248.913,599.656,204.073,236.428,612.666,246.576,257.838,644.843,236.906,268.478,635.401,195.063,282.386,621.53,147.571,170.486,743.453,341.453,139.593,641.96,322.896,157.642,667.952,358.786,1.33098,616.571,286.596,2.06916,626.382,315.843,45.6713,625.827,313.807,46.4738,614.055,285.425
263.65,316.057,36.9001,321.827,327.363,18.5649,292.911,509.176,93.9492,286.921,446.985,73.5602,323.178,448.061,35.0155,318.244,517.563,52.117,240.099,585.765,27.7706,306.672,576.658,67.7005,269.628,582.765,157.393,248.924,599.652,204.082,236.445,612.667,246.582,257.84,644.84,236.907,268.477,635.399,195.065,282.385,621.529,147.569,170.486,743.451,341.456,139.597,641.955,322.903,157.645,667.95,358.792,1.33849,616.559,286.607,2.07181,626.376,315.85,45.6714,625.82,313.815,46.5648,613.999,285.355
263.649,316.056,36.899,321.826,327.363,18.5654,292.909,509.176,93.9496,286.92,446.985,73.5615,323.177,448.06,35.0155,318.244,517.563,52.1176,240.1,585.761,27.7686,306.674,576.661,67.7037,269.675,582.801,157.406,248.928,599.632,204.085,236.448,612.663,246.584,257.842,644.838,236.91,268.478,635.398,195.066,282.385,621.53,147.57,170.487,743.448,341.459,139.599,641.943,322.911,157.648,667.948,358.797,1.33836,616.544,286.616,2.13013,626.291,315.761,45.6711,625.816,313.825,46.4967,614.037,285.456
263.655,316.072,36.9082,321.826,327.362,18.5654,292.914,509.177,93.9593,286.921,446.982,73.5622,323.178,448.06,35.0177,318.243,517.563,52.1184,240.096,585.773,27.7813,306.674,576.66,67.7048,269.63,582.763,157.397,248.93,599.631,204.086,236.458,612.66,246.591,257.844,644.834,236.912,268.478,635.397,195.067,282.385,621.528,147.569,170.492,743.442,341.464,139.602,641.937,322.918,157.65,667.946,358.806,1.3411,616.535,286.631,2.07757,626.363,315.864,45.6705,625.807,313.835,46.4971,614.025,285.471
263.657,316.075,36.8907,321.825,327.363,18.5658,292.908,509.176,93.9518,286.919,446.983,73.5616,323.171,448.061,35.0126,318.244,517.562,52.1184,240.097,585.767,27.7798,306.582,576.672,67.6981,269.622,582.757,157.38,248.93,599.628,204.089,236.465,612.628,246.593,257.844,644.832,236.913,268.48,635.395,195.066,282.384,621.529,147.569,170.493,743.431,341.466,139.615,641.937,322.957,157.677,667.932,358.821,1.34283,616.522,286.639,2.13089,626.275,315.777,45.6702,625.795,313.841,46.5035,614.015,285.482
263.655,316.072,36.9079,321.826,327.363,18.5666,292.907,509.175,93.9517,286.921,446.985,73.5625,323.177,448.058,35.0183,318.245,517.562,52.1196,240.099,585.763,27.7743,306.674,576.657,67.7012,269.677,582.796,157.41,248.934,599.624,204.091,236.467,612.621,246.597,257.845,644.826,236.916,268.48,635.391,195.07,282.388,621.53,147.573,170.494,743.428,341.468,139.616,641.934,322.965,157.68,667.928,358.826,1.34126,616.51,286.646,2.12849,626.261,315.785,45.67,625.786,313.848,46.5104,614.004,285.507
263.648,316.056,36.8984,321.824,327.362,18.5671,292.907,509.175,93.9516,286.918,446.983,73.5624,323.177,448.058,35.0191,318.244,517.561,52.1184,240.102,585.763,27.779,306.679,576.657,67.7028,269.632,582.759,157.4,248.935,599.621,204.095,236.468,612.61,246.597,257.85,644.823,236.92,268.482,635.388,195.071,282.388,621.528,147.572,170.498,743.424,341.471,139.618,641.93,322.972,157.685,667.925,358.833,1.35309,616.489,286.662,2.12967,626.253,315.795,45.6714,625.777,313.861,46.5106,613.992,285.517
263.648,316.055,36.8979,321.825,327.362,18.5649,292.909,509.175,93.9513,286.919,446.983,73.5624,323.18,448.059,35.0225,318.248,517.563,52.1215,240.097,585.76,27.7839,306.68,576.659,67.7066,269.677,582.79,157.412,248.938,599.616,204.097,236.47,612.606,246.6,257.85,644.816,236.921,268.482,635.385,195.073,282.389,621.527,147.572,170.499,743.422,341.475,139.622,641.922,322.977,157.688,667.917,358.837,1.35491,616.478,286.668,2.12873,626.243,315.809,45.6749,625.772,313.867,46.5174,613.973,285.54
263.659,316.073,36.8909,321.826,327.361,18.5676,292.91,509.171,93.9622,286.923,446.984,73.5639,323.181,448.059,35.0213,318.25,517.562,52.1213,240.101,585.763,27.7812,306.586,576.672,67.7,269.68,582.788,157.414,248.941,599.612,204.101,236.471,612.6,246.601,257.853,644.811,236.923,268.485,635.382,195.076,282.394,621.527,147.575,170.5,743.417,341.477,139.625,641.921,322.983,157.692,667.915,358.843,1.35635,616.463,286.677,2.13107,626.232,315.819,45.6736,625.763,313.878,46.509,613.957,285.555
263.648,316.054,36.8971,321.825,327.362,18.5664,292.91,509.174,93.9533,286.922,446.983,73.5638,323.181,448.058,35.0202,318.25,517.562,52.1226,240.104,585.757,27.782,306.584,576.671,67.6979,269.68,582.784,157.416,248.942,599.607,204.103,236.473,612.593,246.605,257.853,644.806,236.927,268.485,635.377,195.078,282.394,621.525,147.576,170.484,743.398,341.52,139.627,641.916,322.99,157.686,667.906,358.851,1.35729,616.445,286.687,2.12764,626.225,315.839,45.6833,625.75,313.884,46.5008,613.949,285.591
263.665,316.087,36.8997,321.825,327.36,18.567,292.919,509.176,93.9637,286.924,446.982,73.5646,323.186,448.056,35.0213,318.252,517.56,52.1211,240.11,585.758,27.7845,306.689,576.659,67.713,269.683,582.781,157.418,248.945,599.603,204.108,236.468,612.579,246.604,257.866,644.795,236.935,268.485,635.367,195.083,282.396,621.523,147.576,170.488,743.394,341.524,139.642,641.917,322.979,157.694,667.907,358.855,1.3598,616.432,286.697,2.13494,626.207,315.857,45.682,625.739,313.895,46.505,613.94,285.598
263.656,316.071,36.9091,321.827,327.361,18.5665,292.916,509.17,93.9552,286.928,446.982,73.5651,323.187,448.056,35.02,318.254,517.56,52.1223,240.108,585.756,27.7867,306.591,576.67,67.6985,269.685,582.776,157.422,248.947,599.598,204.111,236.471,612.573,246.607,257.86,644.787,236.967,268.488,635.363,195.088,282.398,621.521,147.575,170.51,743.399,341.529,139.633,641.909,322.999,157.699,667.901,358.859,1.35732,616.406,286.711,2.13493,626.197,315.864,45.6852,625.731,313.9,46.5097,613.942,285.609
263.657,316.071,36.9092,321.828,327.361,18.5675,292.925,509.173,93.9686,286.93,446.981,73.5676,323.189,448.053,35.0232,318.256,517.559,52.1241,240.114,585.755,27.7856,306.825,576.606,67.8704,269.688,582.773,157.422,248.95,599.594,204.115,236.476,612.558,246.611,257.861,644.781,236.97,268.491,635.356,195.091,282.4,621.52,147.578,170.487,743.385,341.528,139.635,641.904,323.005,157.701,667.898,358.864,1.35376,616.367,286.735,2.13442,626.185,315.871,45.6866,625.724,313.918,46.5077,613.939,285.628
263.657,316.07,36.9088,321.829,327.361,18.5681,292.92,509.168,93.9588,286.933,446.983,73.5689,323.191,448.052,35.0224,318.259,517.558,52.1242,240.115,585.756,27.7915,306.833,576.607,67.8789,269.69,582.767,157.425,248.952,599.587,204.119,236.476,612.551,246.614,257.862,644.777,236.973,268.497,635.346,195.092,282.402,621.518,147.578,170.49,743.38,341.533,139.638,641.899,323.01,157.697,667.892,358.873,1.35383,616.352,286.741,2.13068,626.158,315.893,45.6959,625.707,313.925,46.5119,613.927,285.636
263.659,316.071,36.9096,321.83,327.36,18.5673,292.933,509.17,93.9699,286.936,446.982,73.5713,323.189,448.055,35.0199,318.262,517.559,52.1272,240.121,585.754,27.7965,306.835,576.605,67.8739,269.694,582.763,157.428,248.957,599.583,204.123,236.481,612.548,246.619,257.868,644.774,236.98,268.503,635.342,195.097,282.403,621.516,147.578,170.489,743.373,341.535,139.646,641.89,323.02,157.706,667.889,358.875,1.3544,616.329,286.758,2.13423,626.15,315.903,45.6879,625.679,313.929,46.5158,613.919,285.65
263.65,316.053,36.9025,321.83,327.359,18.5675,292.935,509.168,93.9712,286.945,446.972,73.5732,323.193,448.053,35.022,318.265,517.558,52.1283,240.127,585.751,27.7941,306.836,576.603,67.8739,269.695,582.758,157.431,248.962,599.578,204.131,236.483,612.543,246.621,257.867,644.767,236.98,268.505,635.336,195.101,282.404,621.512,147.578,170.489,743.367,341.538,139.648,641.884,323.025,157.712,667.884,358.886,1.35418,616.312,286.766,2.12659,626.133,315.929,45.6862,625.664,313.94,46.5083,613.9,285.665
263.652,316.052,36.9011,321.829,327.359,18.5675,292.939,509.167,93.9738,286.959,446.975,73.5835,323.2,448.05,35.026,318.277,517.564,52.1518,240.131,585.753,27.802,306.836,576.605,67.8784,269.698,582.753,157.436,248.966,599.571,204.137,236.487,612.538,246.626,257.868,644.763,236.983,268.507,635.33,195.105,282.407,621.51,147.579,170.49,743.362,341.542,139.652,641.876,323.036,157.708,667.875,358.895,1.35571,616.3,286.773,2.12796,626.121,315.937,45.6883,625.652,313.947,46.512,613.883,285.663
263.652,316.053,36.9,321.831,327.358,18.5714,292.944,509.166,93.974,286.951,446.972,73.5772,323.204,448.049,35.0268,318.272,517.557,52.1321,240.14,585.753,27.804,306.841,576.602,67.8759,269.701,582.75,157.438,248.972,599.564,204.143,236.492,612.533,246.63,257.871,644.759,236.987,268.511,635.326,195.107,282.409,621.507,147.581,170.49,743.354,341.544,139.668,641.858,323.033,157.71,667.869,358.902,1.35492,616.284,286.778,2.12953,626.113,315.946,45.6767,625.616,313.968,46.5379,613.961,285.731
263.649,316.054,36.8988,321.832,327.358,18.569,292.947,509.164,93.9766,286.964,446.975,73.5866,323.2,448.049,35.0236,318.283,517.565,52.1554,240.143,585.752,27.8053,306.844,576.603,67.8786,269.708,582.744,157.446,248.974,599.559,204.146,236.503,612.515,246.635,257.866,644.749,236.991,268.515,635.322,195.114,282.412,621.506,147.583,170.49,743.349,341.55,139.658,641.849,323.054,157.72,667.852,358.92,1.34907,616.261,286.799,2.09422,626.198,316.037,45.676,625.6,313.994,46.5407,613.94,285.73
263.661,316.069,36.9119,321.832,327.358,18.5684,292.95,509.164,93.9791,286.957,446.972,73.5786,323.19,448.028,34.9927,318.276,517.556,52.1346,240.15,585.746,27.8086,306.848,576.602,67.88,269.711,582.74,157.449,249.001,599.563,204.178,236.507,612.509,246.641,257.867,644.742,236.993,268.517,635.318,195.117,282.421,621.504,147.59,170.491,743.341,341.553,139.659,641.838,323.06,157.723,667.845,358.926,1.35177,616.245,286.805,2.09976,626.188,316.048,45.6696,625.586,314.006,46.4796,613.799,285.707
263.654,316.054,36.9028,321.834,327.358,18.5707,292.954,509.163,93.9783,286.959,446.974,73.5819,323.207,448.046,35.0268,318.281,517.557,52.1372,240.157,585.755,27.8129,306.85,576.602,67.8817,269.716,582.735,157.454,249.01,599.559,204.185,236.51,612.497,246.655,257.87,644.739,236.998,268.521,635.315,195.123,282.473,621.385,147.785,170.491,743.333,341.559,139.66,641.831,323.07,157.722,667.838,358.929,1.35149,616.233,286.811,2.10023,626.18,316.054,45.6696,625.577,314.015,46.4798,613.781,285.719
263.661,316.069,36.9126,321.834,327.358,18.5697,292.955,509.162,93.9812,286.97,446.975,73.5914,323.212,448.046,35.0288,318.292,517.563,52.1603,240.17,585.747,27.8115,306.853,576.602,67.8829,269.724,582.701,157.459,249.02,599.529,204.158,236.514,612.49,246.66,257.85,644.699,237.072,268.523,635.311,195.127,282.482,621.37,147.801,170.497,743.319,341.575,139.667,641.822,323.079,157.724,667.831,358.936,1.35043,616.223,286.816,2.10441,626.157,316.058,45.6737,625.555,314.025,46.4807,613.767,285.728
263.655,316.054,36.9034,321.835,327.358,18.5697,292.958,509.161,93.9845,286.971,446.974,73.5934,323.199,448.023,34.9984,318.296,517.561,52.1613,240.176,585.742,27.8137,306.855,576.601,67.8844,269.726,582.696,157.463,249.022,599.519,204.162,236.517,612.482,246.665,257.851,644.695,237.075,268.525,635.306,195.133,282.485,621.365,147.805,170.497,743.312,341.58,139.958,641.683,322.978,157.724,667.82,358.943,1.35048,616.212,286.823,2.06391,626,316.027,45.674,625.543,314.029,46.4825,613.756,285.735
263.651,316.052,36.8994,321.835,327.357,18.5727,292.961,509.16,93.9872,286.974,446.974,73.595,323.217,448.042,35.0316,318.3,517.563,52.1654,240.181,585.748,27.8229,306.857,576.601,67.8853,269.731,582.693,157.469,249.026,599.512,204.167,236.52,612.474,246.67,257.853,644.693,237.078,268.528,635.3,195.137,282.489,621.363,147.808,170.496,743.292,341.6,139.67,641.779,323.086,157.725,667.814,358.947,1.35032,616.198,286.829,2.06383,625.992,316.032,45.6773,625.533,314.038,46.4846,613.748,285.742
263.659,316.071,36.91,321.836,327.356,18.5719,292.963,509.156,93.9859,286.976,446.975,73.5963,323.219,448.042,35.0345,318.308,517.557,52.1704,240.188,585.755,27.8313,306.862,576.602,67.8895,269.735,582.689,157.473,249.026,599.505,204.17,236.522,612.466,246.677,257.854,644.688,237.081,268.532,635.291,195.155,282.492,621.358,147.814,170.496,743.285,341.602,139.665,641.771,323.091,157.723,667.805,358.952,1.3525,616.186,286.841,2.06622,625.982,316.041,45.6663,625.514,314.044,46.485,613.731,285.754
263.66,316.069,36.9125,321.836,327.355,18.572,292.967,509.155,93.9898,286.978,446.975,73.5996,323.224,448.04,35.0397,318.31,517.556,52.1718,240.195,585.75,27.8304,306.865,576.602,67.891,269.74,582.683,157.478,249.028,599.497,204.174,236.524,612.457,246.685,257.855,644.683,237.085,268.536,635.286,195.163,282.797,621.433,148.402,170.497,743.276,341.607,139.689,641.748,323.101,157.726,667.792,358.967,1.35395,616.175,286.847,2.0642,625.973,316.052,45.6662,625.508,314.059,46.4875,613.725,285.767
263.656,316.059,36.9066,321.836,327.355,18.5735,292.968,509.154,93.9915,286.98,446.974,73.6012,323.226,448.039,35.0372,318.313,517.556,52.1749,240.195,585.748,27.8323,306.868,576.603,67.892,269.742,582.678,157.481,249.031,599.49,204.179,236.527,612.448,246.692,257.855,644.679,237.088,268.538,635.278,195.167,282.842,621.436,148.481,170.494,743.268,341.612,139.702,641.717,323.107,157.705,667.773,358.971,1.3526,616.165,286.853,2.06451,625.96,316.055,45.6588,625.491,314.065,46.4936,613.714,285.77
263.653,316.053,36.9019,321.839,327.354,18.5754,292.969,509.153,93.9931,286.984,446.975,73.6027,323.228,448.04,35.0414,318.316,517.557,52.1782,240.199,585.753,27.8393,306.868,576.601,67.8927,269.746,582.674,157.487,249.034,599.479,204.185,236.53,612.426,246.695,257.86,644.675,237.093,268.541,635.271,195.176,282.831,621.429,148.458,170.499,743.265,341.619,139.704,641.705,323.115,157.744,667.743,358.999,1.35452,616.122,286.862,2.06511,625.95,316.064,45.6575,625.479,314.07,46.4681,613.572,285.734
263.661,316.068,36.9122,321.838,327.355,18.5731,292.969,509.154,93.9975,286.983,446.975,73.6039,323.231,448.038,35.0416,318.318,517.556,52.1787,240.208,585.747,27.8422,306.873,576.602,67.8942,269.746,582.669,157.488,249.034,599.471,204.19,236.527,612.413,246.713,257.857,644.681,237.072,268.543,635.261,195.175,282.834,621.425,148.465,170.499,743.256,341.624,139.716,641.69,323.149,157.742,667.736,358.999,1.3585,616.104,286.87,2.07667,625.911,316.074,45.6628,625.473,314.077,46.4685,613.561,285.74
263.66,316.059,36.9046,321.838,327.354,18.5753,292.974,509.152,93.9988,286.987,446.974,73.6056,323.231,448.036,35.0424,318.322,517.555,52.1814,240.216,585.747,27.8458,306.876,576.603,67.897,269.747,582.664,157.492,249.034,599.455,204.186,236.528,612.405,246.724,257.894,644.716,237.097,268.546,635.247,195.195,282.836,621.418,148.467,170.497,743.249,341.627,139.724,641.691,323.136,157.749,667.736,359.002,1.35518,616.082,286.879,2.08845,625.896,316.086,45.6686,625.439,314.075,46.4724,613.553,285.746
263.665,316.07,36.9132,321.84,327.353,18.5754,292.974,509.153,93.9995,286.988,446.974,73.6088,323.235,448.034,35.0447,318.327,517.556,52.1855,240.218,585.753,27.8496,306.877,576.603,67.8992,269.75,582.66,157.495,249.03,599.439,204.214,236.531,612.398,246.729,257.868,644.671,237.095,268.551,635.244,195.205,282.926,621.361,148.583,170.498,743.243,341.634,139.725,641.681,323.148,157.741,667.726,359.006,1.35623,616.07,286.885,2.09064,625.887,316.09,45.6819,625.431,314.091,46.4716,613.545,285.748
263.658,316.059,36.906,321.839,327.353,18.5767,292.978,509.15,94.0022,286.99,446.973,73.6096,323.238,448.032,35.0451,318.327,517.554,52.1851,240.224,585.751,27.8524,306.88,576.603,67.9003,269.748,582.641,157.528,249.029,599.429,204.216,236.532,612.391,246.735,257.887,644.686,237.11,268.55,635.226,195.238,282.933,621.357,148.6,170.498,743.237,341.641,139.726,641.675,323.152,157.738,667.72,359.01,1.36041,616.057,286.89,2.09378,625.876,316.097,45.6843,625.421,314.096,46.4741,613.536,285.756
263.655,316.053,36.9027,321.84,327.353,18.5754,292.979,509.15,94.0041,286.992,446.973,73.6116,323.242,448.031,35.0517,318.33,517.553,52.1864,240.212,585.744,27.8636,306.881,576.603,67.9013,269.75,582.633,157.534,249.027,599.425,204.221,236.533,612.384,246.74,257.894,644.683,237.116,268.56,635.218,195.249,282.936,621.351,148.603,170.499,743.232,341.646,139.731,641.669,323.163,157.738,667.717,359.014,1.36361,616.036,286.904,2.09498,625.867,316.102,45.6786,625.41,314.096,46.484,613.517,285.757
263.659,316.055,36.9085,321.841,327.353,18.5762,292.981,509.15,94.0059,286.996,446.974,73.614,323.245,448.032,35.0518,318.333,517.553,52.1906,240.211,585.747,27.8672,306.883,576.603,67.9025,269.776,582.617,157.549,249.029,599.425,204.225,236.534,612.378,246.746,257.893,644.678,237.119,268.563,635.211,195.253,282.939,621.345,148.609,170.501,743.238,341.648,139.734,641.663,323.169,157.733,667.715,359.047,1.36626,616.019,286.911,2.10075,625.846,316.11,45.6792,625.397,314.102,46.4927,613.497,285.761
263.658,316.054,36.906,321.841,327.352,18.5775,292.989,509.152,94.0176,287.001,446.973,73.612,323.247,448.031,35.0549,318.329,517.546,52.1832,240.233,585.744,27.864,306.887,576.604,67.9062,269.741,582.59,157.555,249.029,599.418,204.229,236.534,612.371,246.747,257.902,644.668,237.133,268.566,635.203,195.26,282.95,621.342,148.625,170.499,743.234,341.655,139.737,641.656,323.176,157.733,667.712,359.049,1.36484,616.008,286.916,2.10143,625.838,316.114,45.686,625.393,314.107,46.4979,613.472,285.778
263.658,316.059,36.9043,321.843,327.352,18.5775,292.998,509.151,94.0218,286.999,446.973,73.6153,323.248,448.029,35.054,318.34,517.554,52.1945,240.231,585.756,27.8792,306.888,576.603,67.905,269.778,582.604,157.558,249.029,599.414,204.232,236.537,612.366,246.753,257.904,644.665,237.138,268.567,635.192,195.261,282.957,621.337,148.639,170.499,743.228,341.654,139.725,641.647,323.187,157.729,667.705,359.051,1.36973,615.994,286.921,2.10485,625.826,316.119,45.6847,625.38,314.111,46.4993,613.462,285.783
263.657,316.057,36.9046,321.842,327.352,18.5785,293.001,509.15,94.0241,287.002,446.974,73.6174,323.253,448.027,35.0578,318.335,517.546,52.1852,240.231,585.755,27.8877,306.891,576.603,67.9062,269.745,582.577,157.564,249.033,599.406,204.238,236.541,612.354,246.75,257.908,644.663,237.141,268.571,635.186,195.265,282.961,621.332,148.644,170.505,743.22,341.673,139.736,641.643,323.182,157.729,667.7,359.055,1.3618,615.951,286.955,2.10498,625.819,316.123,45.6804,625.368,314.114,46.5071,613.454,285.789
263.663,316.06,36.9106,321.842,327.352,18.5778,293.004,509.15,94.0241,287.002,446.973,73.6191,323.258,448.019,35.0995,318.339,517.546,52.1869,240.237,585.756,27.886,306.894,576.604,67.9085,269.748,582.578,157.565,249.036,599.401,204.24,236.543,612.355,246.763,257.909,644.659,237.144,268.574,635.182,195.27,282.967,621.328,148.649,170.494,743.207,341.666,139.737,641.639,323.188,157.729,667.699,359.054,1.36239,615.939,286.961,2.10803,625.81,316.129,45.6826,625.362,314.119,46.5108,613.44,285.795
263.659,316.054,36.9067,321.844,327.351,18.5801,293.006,509.15,94.027,287.009,446.968,73.6155,323.258,448.026,35.0611,318.348,517.551,52.1992,240.244,585.753,27.891,306.896,576.603,67.9092,269.75,582.576,157.57,249.037,599.397,204.244,236.549,612.347,246.758,257.917,644.656,237.15,268.575,635.175,195.272,282.966,621.324,148.648,170.482,743.193,341.657,139.744,641.632,323.194,157.728,667.693,359.059,1.36657,615.923,286.967,2.11293,625.802,316.134,45.6871,625.356,314.124,46.5128,613.434,285.798
263.661,316.055,36.9086,321.845,327.35,18.5799,293.009,509.144,94.0312,287.009,446.974,73.6224,323.263,448.024,35.0642,318.345,517.545,52.1901,240.245,585.759,27.8917,306.901,576.604,67.9112,269.753,582.573,157.57,249.038,599.392,204.246,236.553,612.344,246.76,257.917,644.653,237.148,268.581,635.174,195.281,282.973,621.322,148.656,170.483,743.19,341.661,139.733,641.626,323.203,157.729,667.69,359.061,1.36598,615.91,286.975,2.13266,625.793,316.15,45.6891,625.34,314.136,46.5162,613.42,285.811
263.664,316.061,36.9122,321.846,327.351,18.5802,293.012,509.148,94.0296,287.009,446.968,73.6174,323.265,448.026,35.0635,318.367,517.551,52.2094,240.251,585.757,27.8941,306.904,576.604,67.9141,269.756,582.569,157.573,249.039,599.39,204.244,236.557,612.341,246.763,257.919,644.652,237.15,268.585,635.174,195.285,282.978,621.319,148.662,170.479,743.185,341.66,139.745,641.616,323.202,157.729,667.686,359.061,1.36289,615.895,286.988,2.12955,625.772,316.165,45.6893,625.332,314.141,46.5224,613.412,285.816
263.661,316.056,36.9094,321.846,327.35,18.5806,293.014,509.148,94.0318,287.007,446.972,73.6234,323.267,448.021,35.0626,318.363,517.543,52.2006,240.253,585.754,27.8967,306.903,576.602,67.9117,269.759,582.57,157.575,249.043,599.385,204.247,236.561,612.336,246.765,257.92,644.649,237.15,268.586,635.169,195.286,282.983,621.316,148.67,170.48,743.181,341.661,139.755,641.613,323.207,157.73,667.683,359.063,1.3658,615.881,286.995,2.13349,625.76,316.17,45.6989,625.326,314.15,46.5234,613.401,285.826
263.663,316.056,36.9097,321.847,327.351,18.5783,293.015,509.148,94.0304,287.012,446.981,73.6328,323.272,448.021,35.0657,318.373,517.55,52.2101,240.261,585.756,27.8957,306.907,576.603,67.9137,269.763,582.567,157.576,249.05,599.382,204.247,236.565,612.332,246.767,257.923,644.648,237.153,268.589,635.168,195.288,283.006,621.313,148.689,170.483,743.179,341.662,139.757,641.609,323.21,157.732,667.681,359.066,1.36779,615.872,287,2.13295,625.752,316.175,45.7009,625.318,314.154,46.5199,613.376,285.841
263.67,316.071,36.9196,321.847,327.351,18.5788,293.019,509.142,94.0331,287.018,446.975,73.6268,323.272,448.021,35.0616,318.386,517.537,52.2175,240.262,585.756,27.9013,306.91,576.602,67.9135,269.767,582.566,157.578,249.054,599.378,204.247,236.57,612.329,246.768,257.929,644.651,237.157,268.593,635.165,195.289,283.008,621.31,148.688,170.484,743.175,341.664,139.758,641.606,323.21,157.734,667.678,359.069,1.36785,615.867,287.011,2.13749,625.742,316.182,45.7035,625.3,314.154,46.5214,613.368,285.844
263.665,316.061,36.9115,321.847,327.35,18.5786,293.021,509.141,94.0324,287.02,446.975,73.6269,323.275,448.02,35.0624,318.38,517.529,52.2077,240.267,585.755,27.8992,306.912,576.603,67.9137,269.769,582.563,157.578,249.058,599.375,204.248,236.575,612.327,246.77,257.93,644.649,237.156,268.597,635.161,195.291,283.009,621.309,148.684,170.483,743.171,341.663,139.733,641.582,323.228,157.736,667.676,359.07,1.36971,615.855,287.014,2.14533,625.728,316.181,45.703,625.292,314.158,46.5258,613.354,285.856
263.663,316.055,36.9095,321.847,327.351,18.5788,293.024,509.141,94.0335,287.025,446.975,73.6246,323.278,448.018,35.0608,318.395,517.538,52.2184,240.277,585.756,27.9017,306.913,576.594,67.9044,269.775,582.563,157.578,249.062,599.373,204.247,236.58,612.324,246.771,257.945,644.647,237.163,268.603,635.162,195.292,283.013,621.308,148.681,170.485,743.167,341.662,139.765,641.598,323.214,157.738,667.673,359.069,1.37165,615.85,287.014,2.14716,625.721,316.186,45.7106,625.288,314.16,46.5282,613.35,285.857
263.67,316.071,36.9188,321.848,327.349,18.5783,293.025,509.141,94.0315,287.028,446.975,73.6259,323.281,448.018,35.059,318.395,517.538,52.22,240.273,585.754,27.901,306.949,576.505,67.8761,269.778,582.562,157.579,249.068,599.371,204.248,236.586,612.319,246.773,257.952,644.649,237.168,268.611,635.164,195.301,283.019,621.306,148.679,170.488,743.164,341.664,139.767,641.595,323.217,157.737,667.671,359.068,1.37658,615.835,287.024,2.14882,625.71,316.187,45.7063,625.277,314.163,46.5355,613.341,285.865
263.663,316.055,36.909,321.848,327.349,18.5789,293.028,509.141,94.0321,287.029,446.976,73.6249,323.284,448.017,35.0562,318.4,517.537,52.2178,240.279,585.756,27.9029,306.952,576.504,67.877,269.78,582.557,157.58,249.072,599.368,204.247,236.589,612.319,246.773,257.955,644.647,237.17,268.614,635.161,195.3,283.026,621.305,148.685,170.488,743.16,341.662,139.767,641.593,323.216,157.738,667.667,359.067,1.3772,615.825,287.027,2.15254,625.707,316.191,45.7151,625.276,314.167,46.5359,613.334,285.871
263.665,316.056,36.9095,321.849,327.35,18.5784,293.03,509.141,94.0296,287.032,446.976,73.624,323.285,448.015,35.055,318.404,517.538,52.2191,240.281,585.753,27.9032,306.975,576.515,67.881,269.784,582.555,157.58,249.075,599.365,204.244,236.592,612.316,246.772,257.956,644.643,237.169,268.621,635.159,195.302,283.029,621.304,148.684,170.49,743.16,341.665,139.769,641.59,323.216,157.74,667.663,359.069,1.38383,615.818,287.033,2.15509,625.698,316.201,45.7072,625.25,314.182,46.5399,613.328,285.877
263.664,316.056,36.9106,321.851,327.349,18.578,293.032,509.141,94.0309,287.034,446.976,73.6256,323.289,448.017,35.0566,318.399,517.531,52.2098,240.287,585.76,27.9018,306.978,576.516,67.8835,269.788,582.554,157.581,249.08,599.366,204.246,236.595,612.309,246.774,257.96,644.643,237.172,268.623,635.155,195.301,283.033,621.303,148.684,170.491,743.156,341.664,139.772,641.586,323.218,157.74,667.662,359.068,1.38452,615.811,287.036,2.15707,625.692,316.203,45.7098,625.242,314.187,46.5483,613.32,285.88
263.664,316.056,36.9097,321.85,327.35,18.5768,293.036,509.141,94.0319,287.03,446.982,73.6351,323.289,448.016,35.0552,318.404,517.537,52.2201,240.287,585.758,27.9033,306.979,576.514,67.8817,269.79,582.554,157.579,249.081,599.364,204.244,236.604,612.314,246.774,257.961,644.641,237.171,268.622,635.156,195.301,283.036,621.303,148.689,170.488,743.153,341.664,139.742,641.542,323.192,157.739,667.657,359.069,1.40704,615.799,287.052,2.15752,625.685,316.204,45.7126,625.233,314.19,46.5523,613.317,285.883
263.665,316.056,36.9098,321.85,327.35,18.5754,293.037,509.141,94.0311,287.04,446.975,73.6242,323.289,448.017,35.0509,318.403,517.536,52.2189,240.288,585.756,27.9029,306.98,576.516,67.8825,269.79,582.554,157.578,249.084,599.364,204.246,236.605,612.313,246.778,257.962,644.638,237.172,268.626,635.153,195.302,283.036,621.301,148.684,170.49,743.152,341.664,139.74,641.54,323.199,157.738,667.656,359.068,1.41103,615.789,287.053,2.1613,625.682,316.205,45.7132,625.229,314.188,46.5506,613.311,285.884
263.665,316.056,36.9089,321.851,327.35,18.574,293.034,509.143,94.0296,287.04,446.975,73.6238,323.291,448.018,35.0524,318.401,517.531,52.207,240.291,585.756,27.9029,306.982,576.517,67.8837,269.792,582.554,157.576,249.087,599.365,204.247,236.606,612.311,246.777,257.962,644.638,237.172,268.624,635.155,195.302,283.039,621.304,148.686,170.488,743.15,341.661,139.744,641.537,323.196,157.741,667.655,359.069,1.4131,615.783,287.053,2.17247,625.671,316.21,45.7145,625.22,314.189,46.5499,613.307,285.88
263.666,316.057,36.9117,321.85,327.351,18.5741,293.04,509.141,94.0293,287.038,446.967,73.6145,323.291,448.019,35.0456,318.41,517.54,52.2174,240.288,585.762,27.9037,306.982,576.516,67.883,269.833,582.57,157.57,249.089,599.363,204.243,236.607,612.31,246.777,257.962,644.637,237.17,268.629,635.152,195.302,283.043,621.303,148.687,170.488,743.149,341.662,139.724,641.519,323.202,157.738,667.65,359.069,1.41312,615.778,287.049,2.16763,625.667,316.208,45.7143,625.212,314.184,46.5532,613.305,285.88
263.666,316.057,36.9093,321.85,327.351,18.5742,293.041,509.142,94.0285,287.043,446.977,73.6215,323.292,448.018,35.0469,318.41,517.54,52.2166,240.294,585.756,27.9015,306.982,576.515,67.881,269.796,582.556,157.576,249.091,599.365,204.244,236.611,612.31,246.778,257.973,644.64,237.174,268.626,635.156,195.299,283.042,621.302,148.685,170.484,743.145,341.661,139.751,641.527,323.19,157.739,667.647,359.069,1.39202,615.775,287.034,2.1663,625.66,316.208,45.721,625.203,314.183,46.5508,613.294,285.881
263.667,316.057,36.911,321.851,327.351,18.574,293.037,509.145,94.0255,287.025,446.983,73.6238,323.293,448.02,35.0433,318.405,517.535,52.1952,240.283,585.763,27.9054,306.985,576.517,67.8821,269.798,582.553,157.576,249.093,599.365,204.242,236.616,612.309,246.778,257.976,644.642,237.175,268.628,635.156,195.298,283.044,621.303,148.689,170.484,743.141,341.66,139.727,641.51,323.201,157.737,667.644,359.069,1.41357,615.761,287.044,2.1704,625.654,316.204,45.7207,625.194,314.179,46.5518,613.292,285.876
263.667,316.057,36.9112,321.85,327.351,18.5719,293.04,509.142,94.0224,287.024,446.984,73.6256,323.279,448.004,34.9936,318.404,517.533,52.1931,240.295,585.761,27.9008,306.986,576.516,67.8803,269.798,582.551,157.573,249.096,599.362,204.239,236.62,612.308,246.777,257.975,644.641,237.172,268.63,635.155,195.298,283.046,621.301,148.683,170.483,743.137,341.661,139.719,641.501,323.208,157.743,667.627,359.068,1.39391,615.757,287.026,2.1687,625.637,316.202,45.7316,625.167,314.177,46.552,613.283,285.878
263.673,316.073,36.9188,321.849,327.351,18.5719,293.035,509.146,94.0184,287.033,446.978,73.6086,323.279,447.998,35.0072,318.406,517.532,52.1917,240.292,585.763,27.9017,306.987,576.515,67.879,269.809,582.553,157.576,249.098,599.36,204.238,236.626,612.305,246.777,257.952,644.623,237.164,268.632,635.152,195.297,283.049,621.299,148.674,170.482,743.13,341.659,139.733,641.492,323.197,157.742,667.62,359.069,1.41875,615.745,287.034,2.16596,625.63,316.197,45.7371,625.162,314.17,46.5523,613.274,285.871
263.673,316.073,36.9182,321.849,327.351,18.5695,293.039,509.145,94.0152,287.034,446.976,73.6047,323.283,448.006,34.9915,318.399,517.524,52.1793,240.293,585.764,27.9004,306.99,576.516,67.8784,269.81,582.548,157.574,249.101,599.358,204.235,236.631,612.302,246.776,257.955,644.622,237.163,268.635,635.151,195.294,283.054,621.298,148.672,170.481,743.125,341.659,139.738,641.486,323.198,157.743,667.614,359.064,1.39803,615.742,287.021,2.15933,625.625,316.192,45.7318,625.147,314.168,46.557,613.274,285.872
263.666,316.057,36.9097,321.85,327.351,18.571,293.033,509.146,94.0138,287.035,446.977,73.6035,323.281,448.005,34.9875,318.409,517.532,52.1885,240.295,585.763,27.8949,306.991,576.515,67.875,269.81,582.546,157.571,249.104,599.354,204.221,236.614,612.306,246.761,257.982,644.639,237.17,268.637,635.148,195.293,283.054,621.294,148.669,170.483,743.117,341.657,139.741,641.477,323.195,157.744,667.608,359.063,1.4007,615.735,287.011,2.1539,625.623,316.181,45.7347,625.136,314.157,46.5451,613.265,285.865
263.666,316.056,36.909,321.85,327.352,18.5699,293.037,509.145,94.0096,287.035,446.977,73.6024,323.284,447.999,34.9761,318.412,517.531,52.1875,240.296,585.766,27.894,306.992,576.514,67.8726,269.812,582.544,157.568,249.104,599.351,204.215,236.616,612.301,246.757,257.958,644.611,237.153,268.64,635.144,195.29,283.056,621.292,148.667,170.484,743.109,341.656,139.729,641.47,323.196,157.741,667.599,359.057,1.40039,615.728,287.006,2.15302,625.616,316.181,45.7313,625.131,314.153,46.5435,613.26,285.864
263.664,316.058,36.9065,321.849,327.352,18.569,293.031,509.144,93.9992,287.075,447.028,73.4605,323.289,447.999,34.9757,318.411,517.531,52.1838,240.318,585.759,27.8827,306.995,576.514,67.8683,269.811,582.542,157.565,249.106,599.344,204.212,236.619,612.297,246.755,257.959,644.609,237.151,268.643,635.134,195.284,283.061,621.289,148.67,170.487,743.104,341.658,139.747,641.461,323.187,157.745,667.593,359.055,1.40092,615.727,287.001,2.14352,625.614,316.173,45.7355,625.13,314.152,46.5421,613.26,285.861
263.664,316.058,36.9045,321.85,327.352,18.5676,293.031,509.144,93.9947,287.076,447.027,73.4575,323.29,448.001,34.9731,318.414,517.532,52.1815,240.315,585.76,27.8813,306.997,576.512,67.8693,269.816,582.541,157.563,249.107,599.339,204.208,236.618,612.291,246.748,257.97,644.593,237.155,268.644,635.13,195.281,283.063,621.287,148.669,170.491,743.095,341.669,139.75,641.454,323.183,157.743,667.585,359.054,1.39923,615.723,287,2.14027,625.61,316.173,45.7269,625.122,314.149,46.5429,613.257,285.861
263.666,316.06,36.907,321.849,327.353,18.5672,293.031,509.144,93.9923,287.076,447.029,73.4584,323.291,447.998,34.9704,318.415,517.532,52.181,240.315,585.761,27.8771,306.998,576.513,67.8643,269.815,582.538,157.559,249.107,599.336,204.206,236.619,612.286,246.751,257.971,644.587,237.154,268.647,635.093,195.281,282.843,621.201,148.207,170.491,743.088,341.669,139.744,641.441,323.193,157.744,667.552,359.044,1.39804,615.721,286.999,2.13783,625.608,316.17,45.7266,625.12,314.146,46.5416,613.258,285.859
263.665,316.06,36.9074,321.849,327.352,18.5656,293.033,509.145,93.9904,287.078,447.03,73.4577,323.293,448.001,34.9642,318.415,517.531,52.179,240.349,585.765,27.86,307,576.513,67.8633,269.816,582.537,157.558,249.106,599.329,204.206,236.614,612.279,246.744,257.978,644.577,237.163,268.649,635.09,195.283,283.047,621.281,148.637,170.502,743.081,341.677,139.746,641.435,323.188,157.744,667.546,359.043,1.39773,615.722,286.999,2.13749,625.607,316.168,45.7268,625.119,314.147,46.5444,613.248,285.863
263.665,316.06,36.9059,321.849,327.352,18.5652,293.028,509.147,93.9883,287.08,447.031,73.458,323.312,448.014,34.9661,318.418,517.534,52.1795,240.351,585.773,27.8602,307.002,576.511,67.8635,269.816,582.535,157.556,249.106,599.339,204.199,236.618,612.276,246.752,257.981,644.573,237.168,268.632,635.058,195.241,282.869,621.202,148.25,170.505,743.076,341.678,139.749,641.431,323.19,157.746,667.541,359.042,1.39804,615.72,286.998,2.13788,625.606,316.169,45.7267,625.114,314.148,46.5451,613.248,285.862
263.665,316.06,36.907,321.848,327.354,18.5648,293.033,509.146,93.9887,287.08,447.032,73.4577,323.317,448.016,34.9698,318.42,517.534,52.1795,240.352,585.767,27.8605,307.012,576.517,67.8665,269.856,582.47,157.673,249.103,599.334,204.197,236.614,612.269,246.752,257.981,644.568,237.168,268.634,635.052,195.242,283.056,621.281,148.643,170.507,743.073,341.68,139.75,641.429,323.187,157.742,667.536,359.041,1.3998,615.718,287.001,2.13936,625.604,316.169,45.7326,625.116,314.149,46.5475,613.248,285.866
263.665,316.06,36.907,321.847,327.353,18.5661,293.035,509.146,93.9902,287.079,447.034,73.4584,323.294,448.001,34.9669,318.421,517.533,52.1804,240.354,585.77,27.8627,307.013,576.519,67.8676,269.856,582.469,157.675,249.103,599.332,204.198,236.613,612.265,246.752,257.981,644.563,237.169,268.654,635.074,195.289,282.876,621.201,148.259,170.526,743.069,341.689,139.749,641.426,323.186,157.745,667.535,359.041,1.40367,615.714,287.005,2.14476,625.6,316.171,45.7331,625.113,314.149,46.55,613.248,285.866
263.665,316.06,36.9062,321.847,327.354,18.5648,293.037,509.148,93.9918,287.082,447.032,73.4602,323.316,448.014,34.9698,318.422,517.534,52.1824,240.353,585.774,27.8685,307.014,576.519,67.8688,269.857,582.468,157.675,249.103,599.329,204.201,236.612,612.263,246.753,258.002,644.498,237.119,268.657,635.069,195.296,283.064,621.279,148.653,170.53,743.07,341.689,139.773,641.442,323.176,157.745,667.533,359.042,1.40553,615.714,287.004,2.15458,625.598,316.177,45.7332,625.114,314.15,46.5496,613.246,285.868
263.662,316.06,36.9035,321.846,327.353,18.5662,293.034,509.15,93.9941,287.081,447.033,73.4608,323.296,448.002,34.97,318.423,517.533,52.1841,240.359,585.774,27.8668,307.015,576.52,67.872,269.858,582.469,157.677,249.101,599.327,204.201,236.63,612.236,246.772,258.002,644.493,237.121,268.664,635.069,195.306,283.092,621.283,148.702,170.531,743.071,341.693,139.774,641.444,323.175,157.745,667.536,359.042,1.42579,615.708,287.02,2.15449,625.596,316.179,45.7378,625.113,314.153,46.5628,613.249,285.875
263.664,316.06,36.9063,321.847,327.352,18.5683,293.041,509.153,94.0037,287.081,447.033,73.4626,323.297,447.998,34.9708,318.425,517.535,52.1867,240.355,585.774,27.871,307.017,576.533,67.8911,269.859,582.469,157.679,249.102,599.328,204.204,236.627,612.234,246.774,258.005,644.489,237.128,268.67,635.066,195.313,283.091,621.281,148.693,170.533,743.073,341.692,139.774,641.446,323.177,157.744,667.538,359.042,1.42987,615.71,287.022,2.1569,625.597,316.182,45.7401,625.113,314.155,46.5603,613.252,285.873
263.664,316.06,36.906,321.848,327.353,18.5682,293.044,509.152,94.0079,287.082,447.032,73.4642,323.297,447.997,34.973,318.479,517.394,52.1886,240.365,585.776,27.8781,307.02,576.534,67.8946,269.86,582.467,157.682,249.102,599.329,204.206,236.602,612.25,246.765,258.008,644.489,237.131,268.672,635.065,195.318,283.093,621.281,148.694,170.535,743.078,341.693,139.774,641.45,323.177,157.745,667.541,359.044,1.4292,615.712,287.026,2.15874,625.597,316.184,45.7402,625.117,314.154,46.5604,613.253,285.872
263.661,316.059,36.9016,321.848,327.352,18.5692,293.044,509.149,94.0121,287.083,447.032,73.4668,323.299,447.997,34.9795,318.427,517.533,52.1931,240.37,585.779,27.8829,307.018,576.519,67.8763,269.861,582.468,157.687,249.101,599.329,204.211,236.602,612.251,246.77,258.004,644.489,237.134,268.684,635.052,195.328,283.095,621.277,148.701,170.522,743.09,341.693,139.79,641.456,323.169,157.746,667.546,359.046,1.43062,615.713,287.028,2.16164,625.602,316.184,45.7458,625.123,314.157,46.5648,613.254,285.878
263.664,316.06,36.9062,321.848,327.352,18.5704,293.071,509.135,94.0264,287.06,446.991,73.5741,323.3,447.996,34.9829,318.481,517.394,52.1965,240.372,585.78,27.8892,307.019,576.518,67.8784,269.87,582.457,157.694,249.102,599.334,204.215,236.601,612.259,246.774,258.011,644.492,237.139,268.687,635.051,195.333,283.091,621.274,148.697,170.524,743.096,341.697,139.777,641.457,323.178,157.748,667.551,359.049,1.43182,615.717,287.03,2.16508,625.603,316.193,45.7734,625.128,314.176,46.5656,613.259,285.877
263.661,316.059,36.903,321.849,327.351,18.5728,293.074,509.133,94.0321,287.049,446.981,73.6115,323.32,448.017,35.0226,318.481,517.392,52.2013,240.373,585.781,27.8934,307.022,576.517,67.8846,269.864,582.469,157.694,249.101,599.338,204.219,236.601,612.264,246.778,258.012,644.497,237.144,268.69,635.053,195.338,283.095,621.273,148.707,170.525,743.104,341.7,139.778,641.464,323.186,157.751,667.586,359.057,1.42759,615.723,287.043,2.16529,625.605,316.195,45.7754,625.135,314.178,46.5626,613.265,285.878
263.665,316.061,36.9079,321.85,327.351,18.5738,293.074,509.132,94.0356,287.046,446.981,73.6261,323.308,447.999,34.9953,318.492,517.397,52.2252,240.377,585.783,27.9004,307.021,576.516,67.8856,269.872,582.457,157.701,249.102,599.324,204.242,236.609,612.274,246.781,258.011,644.504,237.145,268.691,635.055,195.341,283.095,621.272,148.716,170.518,743.114,341.701,139.779,641.473,323.188,157.754,667.592,359.061,1.4303,615.723,287.044,2.16767,625.609,316.197,45.7502,625.139,314.165,46.5628,613.27,285.876
263.664,316.06,36.907,321.849,327.351,18.5737,293.076,509.13,94.0404,287.051,446.989,73.638,323.32,448.008,35.0414,318.492,517.397,52.2309,240.35,585.777,27.9157,307.015,576.51,67.8862,269.874,582.459,157.706,249.093,599.324,204.238,236.611,612.288,246.777,257.989,644.57,237.195,268.693,635.059,195.349,283.091,621.272,148.711,170.52,743.121,341.702,139.778,641.479,323.188,157.757,667.602,359.063,1.43231,615.727,287.046,2.16797,625.611,316.2,45.7511,625.144,314.168,46.5665,613.267,285.88
263.666,316.061,36.9082,321.851,327.35,18.5756,293.076,509.129,94.0438,287.096,447.035,73.4856,323.324,448.011,35.051,318.486,517.39,52.2241,240.38,585.778,27.9025,307.021,576.516,67.8915,269.876,582.459,157.727,249.096,599.329,204.241,236.611,612.293,246.779,257.993,644.578,237.199,268.682,635.076,195.342,283.095,621.274,148.716,170.52,743.13,341.704,139.777,641.487,323.192,157.758,667.607,359.063,1.43009,615.732,287.049,2.16937,625.612,316.203,45.7799,625.153,314.186,46.5666,613.271,285.884
263.666,316.061,36.9091,321.851,327.35,18.5766,293.077,509.129,94.0469,287.053,446.988,73.6416,323.327,448.011,35.0542,318.494,517.397,52.2403,240.384,585.784,27.9064,307.015,576.511,67.8917,269.837,582.513,157.62,249.098,599.336,204.247,236.614,612.301,246.782,257.987,644.581,237.192,268.683,635.083,195.342,283.09,621.274,148.721,170.521,743.138,341.707,139.784,641.498,323.185,157.753,667.615,359.068,1.43134,615.734,287.052,2.17017,625.616,316.202,45.778,625.16,314.185,46.5675,613.273,285.885
263.665,316.061,36.9097,321.851,327.35,18.5785,293.08,509.128,94.051,287.063,446.979,73.6343,323.325,448.01,35.0537,318.487,517.387,52.2317,240.385,585.782,27.9068,307.015,576.511,67.8948,269.869,582.472,157.728,249.106,599.346,204.259,236.63,612.298,246.794,258.017,644.613,237.211,268.681,635.091,195.347,283.089,621.274,148.719,170.52,743.145,341.706,139.772,641.502,323.196,157.76,667.624,359.07,1.43383,615.742,287.049,2.17176,625.618,316.206,45.7541,625.164,314.169,46.5689,613.281,285.884
263.665,316.061,36.9091,321.852,327.349,18.5802,293.081,509.129,94.054,287.06,446.97,73.6261,323.327,448.007,35.0606,318.488,517.388,52.2344,240.386,585.789,27.9099,307.014,576.51,67.8944,269.871,582.475,157.732,249.11,599.353,204.263,236.631,612.305,246.795,257.993,644.601,237.2,268.679,635.098,195.343,283.086,621.275,148.718,170.521,743.152,341.708,139.781,641.509,323.191,157.757,667.629,359.073,1.43072,615.749,287.051,2.16987,625.622,316.203,45.7803,625.17,314.187,46.5704,613.287,285.882
263.666,316.062,36.9104,321.851,327.349,18.5803,293.083,509.129,94.0548,287.055,446.987,73.649,323.328,448.007,35.062,318.49,517.387,52.2384,240.392,585.789,27.913,307.016,576.511,67.898,269.87,582.476,157.732,249.112,599.361,204.264,236.641,612.315,246.799,258.007,644.636,237.202,268.678,635.107,195.343,283.084,621.277,148.715,170.52,743.159,341.708,139.781,641.516,323.192,157.76,667.635,359.075,1.42911,615.755,287.047,2.16946,625.623,316.203,45.7777,625.175,314.182,46.5667,613.291,285.878
263.665,316.061,36.9091,321.852,327.348,18.5822,293.084,509.131,94.0595,287.064,446.977,73.6378,323.326,448.006,35.066,318.487,517.388,52.2393,240.389,585.788,27.9136,307.015,576.511,67.9006,269.91,582.494,157.727,249.113,599.365,204.264,236.64,612.32,246.8,257.973,644.628,237.183,268.671,635.143,195.339,283.083,621.28,148.719,170.516,743.162,341.706,139.769,641.522,323.204,157.753,667.653,359.073,1.42984,615.759,287.047,2.16781,625.627,316.2,45.7437,625.191,314.167,46.5645,613.291,285.877
263.663,316.06,36.9072,321.853,327.348,18.5829,293.085,509.131,94.0611,287.062,446.978,73.6388,323.328,448.006,35.0647,318.486,517.387,52.2398,240.392,585.787,27.9114,307.015,576.51,67.8984,269.831,582.539,157.631,249.118,599.374,204.261,236.64,612.327,246.797,257.975,644.633,237.182,268.669,635.153,195.336,283.084,621.284,148.718,170.513,743.165,341.703,139.776,641.525,323.194,157.751,667.656,359.072,1.42574,615.763,287.041,2.16639,625.63,316.198,45.7423,625.195,314.163,46.5615,613.294,285.874
263.665,316.059,36.9112,321.853,327.347,18.5836,293.084,509.131,94.0617,287.063,446.978,73.6379,323.325,448.005,35.068,318.487,517.388,52.2414,240.388,585.796,27.9107,307.014,576.51,67.8999,269.91,582.506,157.716,249.118,599.38,204.26,236.638,612.329,246.797,258.003,644.659,237.191,268.666,635.158,195.33,283.082,621.289,148.716,170.512,743.169,341.701,139.802,641.571,323.214,157.751,667.66,359.071,1.42531,615.768,287.04,2.15725,625.632,316.194,45.7388,625.199,314.158,46.5567,613.305,285.865
263.665,316.061,36.9088,321.853,327.346,18.5844,293.082,509.129,94.0567,287.059,446.961,73.6295,323.319,448.01,35.0699,318.486,517.388,52.2413,240.386,585.79,27.9102,307.013,576.51,67.8986,269.91,582.503,157.71,249.117,599.383,204.256,236.635,612.333,246.79,257.967,644.633,237.171,268.658,635.165,195.323,283.079,621.293,148.713,170.511,743.171,341.69,139.79,641.576,323.219,157.751,667.664,359.065,1.42649,615.769,287.027,2.15975,625.632,316.188,45.7373,625.203,314.154,46.5593,613.301,285.865
263.664,316.061,36.9083,321.852,327.348,18.582,293.08,509.13,94.0538,287.054,446.969,73.6233,323.317,448.01,35.0687,318.482,517.386,52.2378,240.384,585.791,27.9033,307.011,576.512,67.8955,269.867,582.567,157.599,249.108,599.379,204.243,236.63,612.336,246.786,257.995,644.663,237.183,268.655,635.169,195.32,283.074,621.298,148.702,170.506,743.172,341.684,139.785,641.577,323.211,157.747,667.663,359.064,1.40321,615.78,287.007,2.14676,625.639,316.18,45.7354,625.209,314.147,46.5508,613.309,285.855
263.663,316.061,36.9068,321.853,327.348,18.5823,293.077,509.13,94.0502,287.055,446.977,73.6315,323.32,448.012,35.0659,318.487,517.396,52.2448,240.383,585.792,27.8981,307.011,576.511,67.8942,269.864,582.574,157.591,249.106,599.38,204.241,236.619,612.334,246.774,257.96,644.636,237.162,268.651,635.173,195.314,283.074,621.302,148.698,170.502,743.172,341.679,139.779,641.58,323.205,157.747,667.666,359.058,1.39902,615.783,287.001,2.13925,625.642,316.172,45.7312,625.214,314.139,46.5478,613.316,285.848
263.664,316.061,36.9087,321.85,327.349,18.5797,293.075,509.132,94.0455,287.053,446.978,73.6282,323.317,448.01,35.0523,318.479,517.388,52.2273,240.381,585.795,27.8944,307.006,576.512,67.8884,269.863,582.575,157.588,249.102,599.381,204.233,236.61,612.335,246.764,257.985,644.662,237.173,268.643,635.171,195.302,283.066,621.302,148.686,170.499,743.172,341.674,139.785,641.586,323.186,157.739,667.663,359.051,1.3922,615.793,286.986,2.13683,625.646,316.164,45.7291,625.218,314.132,46.5436,613.319,285.84
263.665,316.062,36.9095,321.849,327.35,18.5773,293.073,509.133,94.0418,287.051,446.98,73.6239,323.3,447.993,35.0177,318.474,517.39,52.2214,240.373,585.79,27.8828,307.005,576.515,67.8855,269.857,582.578,157.577,249.098,599.383,204.216,236.599,612.337,246.755,257.979,644.662,237.17,268.642,635.169,195.296,283.062,621.307,148.681,170.497,743.174,341.668,139.77,641.586,323.19,157.736,667.665,359.043,1.38777,615.794,286.98,2.12215,625.657,316.156,45.7314,625.239,314.105,46.5406,613.324,285.831
263.663,316.061,36.9069,321.85,327.351,18.5768,293.045,509.147,94.0255,287.05,446.984,73.6188,323.312,448.015,35.0395,318.421,517.533,52.2096,240.368,585.787,27.8734,307.002,576.516,67.8811,269.852,582.581,157.57,249.102,599.393,204.22,236.589,612.338,246.742,257.97,644.658,237.159,268.638,635.172,195.289,283.055,621.311,148.669,170.494,743.174,341.66,139.743,641.553,323.142,157.733,667.664,359.037,1.38377,615.798,286.959,2.1084,625.661,316.131,45.7244,625.242,314.094,46.5329,613.336,285.81
263.663,316.061,36.9075,321.848,327.351,18.5726,293.04,509.15,94.0171,287.05,446.992,73.5731,323.291,448.007,34.994,318.415,517.536,52.1966,240.361,585.784,27.8613,306.998,576.517,67.8767,269.838,582.58,157.55,249.095,599.393,204.211,236.58,612.338,246.733,257.939,644.637,237.145,268.632,635.172,195.279,283.052,621.314,148.673,170.488,743.174,341.652,139.723,641.556,323.114,157.729,667.66,358.997,1.38386,615.8,286.931,2.0938,625.666,316.124,45.7306,625.253,314.085,46.5312,613.338,285.797
263.662,316.061,36.907,321.847,327.353,18.5727,293.042,509.151,94.0102,287.065,447.037,73.4766,323.285,448.009,34.9858,318.411,517.537,52.1897,240.358,585.784,27.8482,306.996,576.519,67.8695,269.837,582.596,157.511,249.086,599.394,204.2,236.562,612.339,246.72,257.951,644.651,237.144,268.617,635.169,195.256,283.046,621.317,148.666,170.484,743.172,341.642,139.705,641.552,323.114,157.725,667.661,358.988,1.38218,615.805,286.921,2.09814,625.671,316.112,45.7236,625.254,314.075,46.531,613.362,285.778
263.663,316.062,36.9079,321.844,327.354,18.5691,293.037,509.154,94.0007,287.063,447.038,73.4721,323.282,448.014,34.981,318.406,517.537,52.1818,240.344,585.784,27.8407,306.993,576.522,67.8639,269.788,582.581,157.507,249.08,599.405,204.165,236.555,612.339,246.71,257.905,644.631,237.12,268.611,635.172,195.244,283.042,621.32,148.653,170.484,743.174,341.638,139.706,641.564,323.085,157.722,667.661,358.979,1.37427,615.82,286.91,2.08446,625.672,316.101,45.7136,625.26,314.058,46.5252,613.364,285.768
263.663,316.064,36.9087,321.843,327.355,18.5658,293.022,509.158,93.9922,287.059,447.038,73.4699,323.278,448.016,34.9706,318.404,517.54,52.1769,240.332,585.777,27.8239,306.99,576.526,67.8566,269.822,582.602,157.489,249.075,599.405,204.155,236.543,612.341,246.697,257.871,644.65,237.073,268.604,635.173,195.233,283.034,621.322,148.64,170.476,743.179,341.61,139.688,641.568,323.081,157.723,667.663,358.964,1.3712,615.823,286.893,2.07839,625.678,316.091,45.7121,625.264,314.049,46.5202,613.371,285.75
263.659,316.061,36.9024,321.842,327.356,18.565,293.016,509.161,93.9834,287.057,447.038,73.4665,323.271,448.016,34.9639,318.384,517.552,52.1604,240.299,585.779,27.8261,306.985,576.527,67.8481,269.771,582.59,157.479,249.055,599.405,204.138,236.523,612.341,246.675,257.862,644.642,237.06,268.603,635.187,195.197,283.033,621.324,148.635,170.469,743.18,341.599,139.68,641.572,323.065,157.719,667.664,358.953,1.36425,615.825,286.881,2.07421,625.684,316.08,45.7039,625.277,314.027,46.5179,613.385,285.736
263.656,316.06,36.9015,321.842,327.357,18.5635,293.007,509.163,93.973,287.055,447.037,73.461,323.266,448.023,34.9534,318.37,517.542,52.1347,240.309,585.766,27.7926,306.982,576.531,67.8421,269.752,582.59,157.447,249.019,599.398,204.093,236.525,612.356,246.65,257.871,644.629,237.073,268.578,635.166,195.14,282.887,621.248,148.31,170.468,743.183,341.589,139.656,641.578,323.041,157.716,667.663,358.943,1.36034,615.835,286.868,2.0667,625.688,316.067,45.7028,625.286,314.013,46.511,613.39,285.723
263.658,316.063,36.9031,321.839,327.358,18.5593,293.008,509.176,93.9313,287.044,447.045,73.4412,323.261,448.027,34.9447,318.362,517.543,52.1261,240.276,585.764,27.7883,306.968,576.526,67.8203,269.741,582.591,157.429,249.01,599.403,204.08,236.507,612.355,246.631,257.89,644.654,237.079,268.571,635.172,195.126,283.02,621.334,148.621,170.462,743.186,341.577,139.65,641.587,323.026,157.696,667.675,358.921,1.35585,615.848,286.859,2.06025,625.704,316.045,45.6934,625.293,314,46.5456,613.39,285.669
263.655,316.061,36.8999,321.837,327.361,18.5558,293.007,509.185,93.9091,287.046,447.035,73.4512,323.255,448.031,34.9402,318.355,517.545,52.1185,240.269,585.772,27.7643,306.963,576.53,67.8139,269.731,582.597,157.413,249.004,599.406,204.056,236.497,612.362,246.613,257.855,644.632,237.054,268.562,635.175,195.108,283.029,621.341,148.635,170.46,743.187,341.555,139.64,641.597,323.005,157.68,667.682,358.899,1.35506,615.856,286.85,2.0567,625.71,316.036,45.6892,625.3,313.99,46.4966,613.407,285.698
263.667,316.081,36.8916,321.836,327.362,18.5549,292.997,509.189,93.8962,287.037,447.045,73.4329,323.251,448.032,34.9297,318.348,517.546,52.1104,240.26,585.772,27.7532,306.959,576.534,67.806,269.698,582.618,157.389,249.002,599.396,203.993,236.479,612.358,246.582,257.848,644.634,237.044,268.558,635.185,195.08,282.825,621.262,148.214,170.454,743.19,341.543,139.642,641.61,322.975,157.669,667.684,358.88,1.35614,615.865,286.835,2.05665,625.737,316.016,45.689,625.309,313.967,46.5456,613.408,285.623
263.656,316.064,36.9016,321.833,327.363,18.5508,292.986,509.191,93.8783,287.038,447.038,73.4213,323.245,448.036,34.923,318.329,517.549,52.0951,240.242,585.77,27.7331,306.955,576.539,67.8013,269.686,582.624,157.372,248.994,599.4,203.981,236.476,612.375,246.565,257.846,644.631,237.048,268.55,635.201,195.073,282.793,621.264,148.165,170.452,743.196,341.535,139.625,641.617,322.972,157.668,667.698,358.862,1.35297,615.879,286.825,2.04943,625.747,316.006,45.6858,625.322,313.947,46.4923,613.435,285.652
263.666,316.084,36.8914,321.832,327.365,18.5481,292.978,509.196,93.8684,287.031,447.038,73.4248,323.236,448.039,34.9123,318.319,517.549,52.0834,240.226,585.773,27.721,306.866,576.584,67.6439,269.677,582.633,157.359,248.987,599.406,203.97,236.465,612.401,246.54,257.866,644.637,236.956,268.537,635.21,195.044,282.786,621.273,148.151,170.459,743.201,341.537,139.601,641.64,322.935,157.66,667.705,358.847,1.33938,615.891,286.82,2.04624,625.76,315.981,45.6931,625.337,313.928,46.4845,613.452,285.641
263.665,316.083,36.8903,321.83,327.366,18.5455,292.97,509.199,93.8572,287.028,447.039,73.421,323.23,448.043,34.9065,318.313,517.556,52.0657,240.217,585.775,27.7098,306.852,576.588,67.6269,269.663,582.64,157.336,248.977,599.409,203.955,236.459,612.41,246.525,257.87,644.651,236.915,268.5,635.2,194.984,282.696,621.339,148.026,170.429,743.194,341.506,139.596,641.649,322.917,157.667,667.706,358.824,1.35257,615.925,286.777,2.05505,625.774,315.965,45.6867,625.347,313.917,46.4814,613.46,285.635
263.672,316.097,36.9,321.829,327.366,18.5448,292.957,509.21,93.8298,287.023,447.047,73.4098,323.225,448.046,34.9001,318.298,517.56,52.0571,240.197,585.77,27.6983,306.842,576.597,67.6151,269.694,582.666,157.317,248.969,599.417,203.944,236.454,612.422,246.51,257.862,644.661,236.904,268.493,635.211,194.967,282.644,621.348,147.943,170.427,743.2,341.497,139.596,641.724,322.898,157.677,667.721,358.806,1.33579,615.941,286.777,2.03772,625.788,315.959,45.6862,625.359,313.911,46.4749,613.478,285.622
263.665,316.085,36.8918,321.827,327.368,18.5418,292.944,509.214,93.8176,287.02,447.037,73.4119,323.212,448.048,34.8909,318.286,517.56,52.049,240.187,585.777,27.6834,306.831,576.603,67.6021,269.647,582.659,157.312,248.941,599.447,203.994,236.448,612.433,246.497,257.858,644.676,236.891,268.505,635.245,194.999,282.621,621.359,147.907,170.415,743.21,341.472,139.586,641.743,322.882,157.667,667.734,358.789,1.33054,615.963,286.765,2.04906,625.798,315.95,45.6791,625.379,313.904,46.4705,613.491,285.612
263.665,316.085,36.8915,321.825,327.369,18.5412,292.932,509.217,93.8071,287.014,447.045,73.4019,323.205,448.052,34.8835,318.278,517.56,52.0413,240.157,585.736,27.6205,306.819,576.61,67.5907,269.645,582.698,157.279,248.938,599.461,203.982,236.439,612.444,246.483,257.855,644.698,236.884,268.497,635.257,194.986,282.577,621.378,147.841,170.412,743.218,341.463,139.579,641.753,322.87,157.666,667.741,358.777,1.34206,615.975,286.755,2.04232,625.824,315.94,45.6797,625.395,313.899,46.4531,613.521,285.601
263.666,316.086,36.8913,321.824,327.37,18.5381,292.921,509.221,93.7941,287.01,447.044,73.3976,323.199,448.057,34.8801,318.267,517.562,52.0323,240.144,585.738,27.609,306.804,576.621,67.5922,269.68,582.725,157.261,248.934,599.476,203.969,236.42,612.457,246.457,257.854,644.709,236.861,268.484,635.28,194.949,282.405,621.487,147.527,170.417,743.234,341.461,139.572,641.768,322.859,157.655,667.757,358.753,1.32624,615.991,286.754,2.04226,625.837,315.932,45.6738,625.416,313.877,46.5109,613.538,285.542
263.659,316.083,36.8879,321.824,327.368,18.5395,292.912,509.225,93.7845,287.002,447.031,73.3941,323.181,448.064,34.8554,318.252,517.561,52.0184,240.093,585.79,27.6073,306.76,576.646,67.5747,269.669,582.746,157.241,248.93,599.491,203.962,236.41,612.481,246.447,257.848,644.722,236.849,268.479,635.294,194.944,282.392,621.495,147.514,170.412,743.243,341.448,139.562,641.781,322.849,157.652,667.775,358.738,1.33716,616.018,286.742,2.0372,625.853,315.921,45.6686,625.452,313.861,46.445,613.549,285.582
263.66,316.083,36.8885,321.822,327.37,18.5376,292.901,509.234,93.7679,286.998,447.039,73.3863,323.174,448.065,34.8511,318.241,517.561,52.0112,240.068,585.776,27.5778,306.745,576.651,67.5616,269.658,582.755,157.226,248.925,599.505,203.954,236.404,612.492,246.437,257.831,644.734,236.815,268.471,635.303,194.932,282.387,621.497,147.513,170.409,743.253,341.438,139.552,641.797,322.835,157.647,667.785,358.723,1.33765,616.038,286.726,2.02451,625.866,315.906,45.6703,625.463,313.853,46.4414,613.566,285.568
263.661,316.085,36.8892,321.821,327.372,18.5371,292.892,509.237,93.7586,286.993,447.03,73.3883,323.171,448.07,34.8499,318.234,517.563,52.0057,240.049,585.77,27.5722,306.711,576.644,67.5456,269.654,582.765,157.22,248.923,599.523,203.943,236.393,612.516,246.423,257.824,644.753,236.801,268.468,635.318,194.921,282.368,621.501,147.49,170.396,743.267,341.386,139.539,641.82,322.815,157.639,667.795,358.712,1.33623,616.054,286.72,2.02216,625.877,315.898,45.6644,625.478,313.84,46.497,613.61,285.509
263.657,316.082,36.8876,321.824,327.372,18.5394,292.884,509.24,93.7539,286.989,447.028,73.384,323.161,448.072,34.846,318.221,517.561,51.9986,240.035,585.789,27.5823,306.691,576.649,67.5365,269.65,582.778,157.212,248.908,599.538,203.928,236.389,612.531,246.417,257.817,644.779,236.794,268.451,635.327,194.905,282.361,621.506,147.487,170.394,743.279,341.372,139.528,641.837,322.805,157.618,667.807,358.678,1.32933,616.058,286.726,2.01735,625.885,315.89,45.6563,625.496,313.818,46.4816,613.631,285.489
263.657,316.083,36.8879,321.821,327.372,18.5393,292.877,509.242,93.7491,286.983,447.026,73.381,323.153,448.072,34.8441,318.211,517.563,51.9933,240.015,585.817,27.5687,306.677,576.651,67.5255,269.625,582.822,157.161,248.903,599.557,203.918,236.384,612.551,246.407,257.772,644.799,236.748,268.463,635.333,194.898,282.352,621.508,147.483,170.385,743.299,341.363,139.52,641.847,322.794,157.608,667.816,358.665,1.32523,616.072,286.717,2.01241,625.899,315.881,45.6458,625.507,313.809,46.4126,613.633,285.526
263.654,316.082,36.8866,321.821,327.373,18.5384,292.867,509.245,93.7433,286.979,447.026,73.3772,323.146,448.075,34.8377,318.202,517.562,51.9869,239.999,585.823,27.5649,306.665,576.657,67.5194,269.64,582.842,157.155,248.897,599.586,203.913,236.377,612.565,246.399,257.757,644.813,236.719,268.455,635.34,194.892,282.322,621.519,147.462,170.377,743.31,341.353,139.513,641.858,322.788,157.599,667.825,358.653,1.32106,616.091,286.71,2.00813,625.909,315.875,45.6497,625.522,313.799,46.4827,613.665,285.445
263.654,316.082,36.8862,321.819,327.374,18.5363,292.858,509.248,93.7322,286.966,447.029,73.3746,323.136,448.078,34.8353,318.188,517.566,51.9801,239.989,585.813,27.5441,306.653,576.661,67.5122,269.636,582.853,157.155,248.876,599.605,203.887,236.358,612.611,246.386,257.745,644.832,236.702,268.444,635.345,194.882,282.316,621.521,147.46,170.367,743.32,341.341,139.502,641.871,322.779,157.592,667.835,358.64,1.30602,616.111,286.698,1.97962,625.951,315.867,45.6448,625.561,313.778,46.4781,613.682,285.435
263.651,316.081,36.8849,321.818,327.375,18.5358,292.849,509.251,93.7265,286.961,447.026,73.3701,323.13,448.079,34.8338,318.166,517.564,51.9674,239.971,585.823,27.5498,306.636,576.664,67.4984,269.633,582.861,157.152,248.859,599.632,203.873,236.347,612.624,246.379,257.735,644.849,236.685,268.428,635.333,194.864,282.31,621.524,147.457,170.358,743.332,341.331,139.489,641.879,322.761,157.559,667.863,358.589,1.30049,616.128,286.688,1.96758,625.967,315.852,45.638,625.578,313.77,46.5042,613.818,285.455
263.651,316.081,36.8838,321.815,327.376,18.5335,292.843,509.255,93.7214,286.956,447.024,73.3654,323.121,448.082,34.8278,318.181,517.521,52.0549,239.954,585.824,27.5399,306.626,576.667,67.4905,269.628,582.868,157.15,248.855,599.653,203.865,236.339,612.638,246.369,257.718,644.863,236.672,268.423,635.336,194.86,282.302,621.525,147.453,170.36,743.352,341.333,139.483,641.892,322.753,157.552,667.872,358.576,1.27785,616.159,286.674,1.96095,625.981,315.843,45.6289,625.6,313.765,46.4129,613.813,285.476
263.653,316.091,36.8325,321.814,327.376,18.5324,292.831,509.255,93.7142,286.953,447.024,73.3632,323.116,448.086,34.8231,318.175,517.52,52.0526,239.932,585.777,27.5004,306.612,576.672,67.4818,269.624,582.875,157.147,248.842,599.667,203.858,236.331,612.654,246.356,257.715,644.88,236.659,268.418,635.345,194.854,282.299,621.528,147.451,170.355,743.364,341.325,139.478,641.915,322.74,157.546,667.881,358.568,1.27551,616.174,286.666,1.9546,625.99,315.832,45.6223,625.614,313.755,46.479,613.855,285.431
263.647,316.081,36.881,321.812,327.377,18.5324,292.825,509.258,93.7126,286.945,447.021,73.3546,323.106,448.089,34.8213,318.139,517.563,51.9465,239.921,585.774,27.4859,306.603,576.677,67.4759,269.621,582.881,157.143,248.81,599.692,203.838,236.321,612.664,246.346,257.701,644.924,236.641,268.411,635.346,194.848,282.293,621.529,147.447,170.349,743.374,341.316,139.478,641.933,322.73,157.542,667.891,358.559,1.26771,616.219,286.652,1.94878,626.007,315.824,45.6207,625.632,313.746,46.476,613.871,285.421
263.652,316.089,36.8295,321.81,327.379,18.5313,292.822,509.268,93.7038,286.942,447.021,73.353,323.099,448.09,34.8148,318.159,517.516,52.0344,239.909,585.829,27.5157,306.581,576.691,67.4583,269.622,582.884,157.136,248.8,599.703,203.832,236.313,612.685,246.342,257.672,644.959,236.594,268.406,635.349,194.843,282.274,621.522,147.417,170.343,743.382,341.309,139.473,641.943,322.721,157.532,667.896,358.542,1.26135,616.243,286.641,1.93661,626.024,315.803,45.6188,625.646,313.734,46.4763,613.89,285.41
263.651,316.09,36.8263,321.808,327.381,18.528,292.816,509.271,93.6989,286.936,447.018,73.3459,323.091,448.094,34.8119,318.143,517.539,51.9131,239.899,585.834,27.5104,306.567,576.695,67.4483,269.617,582.892,157.133,248.793,599.721,203.815,236.309,612.698,246.332,257.665,644.974,236.582,268.401,635.351,194.839,282.269,621.523,147.414,170.306,743.415,341.287,139.458,641.969,322.698,157.529,667.903,358.533,1.26568,616.265,286.617,1.94476,626.037,315.792,45.6117,625.659,313.72,46.4779,613.928,285.399
263.648,316.088,36.8259,321.806,327.381,18.5274,292.808,509.275,93.6932,286.934,447.021,73.3483,323.085,448.097,34.8056,318.118,517.564,51.93,239.885,585.836,27.4981,306.552,576.71,67.3959,269.603,582.888,157.116,248.783,599.729,203.801,236.306,612.704,246.322,257.657,644.983,236.571,268.387,635.348,194.817,282.262,621.523,147.408,170.299,743.421,341.281,139.456,641.976,322.692,157.525,667.92,358.523,1.24491,616.283,286.61,1.93784,626.049,315.78,45.6111,625.673,313.711,46.4734,613.952,285.37
263.64,316.079,36.8777,321.805,327.383,18.5255,292.801,509.279,93.6865,286.929,447.02,73.3438,323.079,448.1,34.8022,318.122,517.552,51.9099,239.836,585.858,27.4795,306.534,576.711,67.3786,269.601,582.894,157.101,248.765,599.745,203.783,236.295,612.727,246.306,257.653,644.993,236.558,268.382,635.347,194.812,282.257,621.523,147.405,170.297,743.427,341.273,139.448,641.983,322.674,157.52,667.925,358.51,1.26179,616.298,286.588,1.93622,626.061,315.769,45.6104,625.685,313.697,46.4736,613.964,285.359
263.645,316.098,36.8308,321.802,327.383,18.5228,292.795,509.285,93.6786,286.926,447.02,73.3412,323.073,448.105,34.7948,318.115,517.556,51.9029,239.822,585.86,27.476,306.524,576.716,67.3649,269.591,582.895,157.105,248.756,599.751,203.773,236.29,612.733,246.297,257.651,645.01,236.544,268.181,635.5,194.709,282.252,621.522,147.4,170.294,743.433,341.26,139.445,641.99,322.668,157.518,667.931,358.497,1.24535,616.342,286.546,2.03264,626.091,315.665,45.585,625.696,313.671,46.4833,613.989,285.336
263.64,316.09,36.8838,321.801,327.385,18.5207,292.787,509.299,93.6644,286.919,447.016,73.3335,323.066,448.107,34.7895,318.098,517.565,51.911,239.802,585.861,27.4714,306.512,576.715,67.3509,269.58,582.895,157.098,248.75,599.754,203.763,236.285,612.739,246.285,257.646,645.015,236.532,268.254,635.487,194.704,282.246,621.521,147.393,170.289,743.435,341.249,139.441,641.996,322.654,157.513,667.934,358.486,1.2414,616.358,286.528,2.03362,626.105,315.64,45.5819,625.704,313.659,46.4814,614.002,285.319
263.642,316.101,36.8322,321.799,327.386,18.5179,292.766,509.303,93.6522,286.916,447.015,73.3303,323.061,448.112,34.782,318.104,517.561,51.8896,239.798,585.855,27.4594,306.503,576.72,67.3374,269.557,582.884,157.089,248.741,599.758,203.748,236.269,612.739,246.257,257.634,645.016,236.517,268.247,635.486,194.691,282.24,621.519,147.387,170.29,743.441,341.238,139.438,642.001,322.64,157.513,667.936,358.479,1.25794,616.361,286.487,2.0382,626.13,315.63,45.5878,625.724,313.647,46.4814,614.016,285.303
263.641,316.101,36.8303,321.798,327.387,18.5157,292.759,509.308,93.6429,286.906,446.997,73.3074,323.058,448.115,34.7747,318.093,517.58,51.8727,239.773,585.848,27.4415,306.494,576.724,67.3238,269.568,582.896,157.08,248.738,599.764,203.738,236.267,612.746,246.249,257.631,645.036,236.503,268.242,635.488,194.674,282.238,621.518,147.383,170.287,743.442,341.222,139.44,642.012,322.594,157.51,667.949,358.455,1.25861,616.378,286.472,2.0417,626.158,315.621,45.5786,625.737,313.626,46.4776,614.024,285.289
263.639,316.103,36.8271,321.797,327.388,18.5132,292.751,509.313,93.63,286.904,446.997,73.3041,323.054,448.118,34.7665,318.069,517.589,51.8534,239.767,585.834,27.4218,306.482,576.73,67.2912,269.56,582.899,157.073,248.732,599.769,203.724,236.26,612.751,246.231,257.619,645.033,236.487,268.233,635.493,194.657,282.234,621.516,147.378,170.287,743.445,341.211,139.436,642.011,322.572,157.506,667.95,358.44,1.25273,616.394,286.456,2.07322,626.21,315.572,45.5775,625.761,313.618,46.45,613.943,285.217
263.641,316.103,36.8265,321.796,327.391,18.5111,292.744,509.316,93.6197,286.9,446.997,73.3006,323.05,448.121,34.7582,318.102,517.632,51.8542,239.754,585.828,27.4066,306.474,576.732,67.2742,269.553,582.899,157.064,248.725,599.77,203.705,236.251,612.748,246.201,257.616,645.037,236.472,268.231,635.488,194.638,282.231,621.516,147.373,170.304,743.456,341.198,139.428,642.015,322.556,157.504,667.951,358.427,1.24838,616.412,286.431,2.07172,626.219,315.555,45.5786,625.768,313.603,46.4492,613.953,285.202
263.642,316.103,36.8277,321.795,327.392,18.5067,292.741,509.322,93.6048,286.898,446.996,73.2969,323.032,448.142,34.7483,318.104,517.637,51.8325,239.752,585.819,27.3842,306.453,576.735,67.232,269.548,582.902,157.053,248.721,599.786,203.688,236.213,612.763,246.166,257.6,645.049,236.446,268.235,635.518,194.647,282.225,621.513,147.364,170.304,743.456,341.183,139.426,642.017,322.54,157.501,667.957,358.408,1.24761,616.426,286.4,2.06966,626.229,315.543,45.577,625.78,313.587,46.4458,613.966,285.189
263.641,316.106,36.8283,321.795,327.393,18.5041,292.737,509.324,93.5917,286.894,446.997,73.2927,323.032,448.14,34.7309,318.07,517.596,51.7899,239.753,585.831,27.3639,306.444,576.736,67.2125,269.544,582.901,157.042,248.718,599.789,203.677,236.206,612.766,246.152,257.59,645.103,236.423,268.231,635.524,194.63,282.201,621.511,147.327,170.291,743.446,341.158,139.388,642.023,322.551,157.498,667.956,358.393,1.24369,616.439,286.386,2.0125,626.194,315.543,45.5702,625.789,313.571,46.4474,613.985,285.167
263.64,316.106,36.8288,321.781,327.393,18.4848,292.741,509.336,93.5923,286.885,446.999,73.2903,323.028,448.144,34.7022,318.091,517.64,51.8035,239.742,585.816,27.3583,306.437,576.74,67.1967,269.542,582.904,157.032,248.715,599.79,203.657,236.199,612.769,246.137,257.584,645.105,236.412,268.215,635.515,194.585,282.206,621.515,147.344,170.29,743.443,341.143,139.402,642.03,322.495,157.498,667.955,358.38,1.23857,616.455,286.371,2.00334,626.207,315.522,45.5671,625.801,313.552,46.4399,613.98,285.148
263.647,316.109,36.8303,321.78,327.401,18.4759,292.739,509.342,93.5795,286.893,446.997,73.2843,323.03,448.137,34.7042,318.038,517.592,51.8034,239.735,585.815,27.3396,306.428,576.743,67.1796,269.549,582.913,157.023,248.714,599.794,203.643,236.193,612.775,246.123,257.577,645.106,236.4,268.199,635.528,194.563,282.172,621.512,147.293,170.29,743.443,341.132,139.397,642.037,322.476,157.499,667.962,358.361,1.2267,616.47,286.352,2.00309,626.221,315.505,45.5564,625.823,313.539,46.4463,614.009,285.123
263.648,316.111,36.8299,321.791,327.403,18.4916,292.73,509.374,93.5639,286.893,446.999,73.2822,323.027,448.139,34.6959,318.033,517.593,51.7942,239.729,585.809,27.3267,306.421,576.747,67.1608,269.549,582.916,157.012,248.698,599.797,203.627,236.188,612.781,246.106,257.534,645.139,236.349,268.165,635.515,194.499,282.168,621.514,147.285,170.288,743.44,341.118,139.39,642.034,322.461,157.495,667.959,358.348,1.22719,616.483,286.339,1.99949,626.229,315.495,45.5643,625.843,313.519,46.4444,614.029,285.107
263.647,316.11,36.8281,321.762,327.409,18.47,292.716,509.39,93.5439,286.881,446.998,73.2789,323.049,448.125,34.7633,318.028,517.593,51.7842,239.716,585.79,27.3176,306.412,576.751,67.1459,269.54,582.92,156.996,248.717,599.806,203.613,236.187,612.78,246.088,257.514,645.137,236.33,268.183,635.54,194.525,282.165,621.515,147.28,170.284,743.437,341.109,139.379,642.037,322.44,157.494,667.959,358.331,1.22707,616.492,286.331,1.99927,626.238,315.482,45.5743,625.858,313.487,46.4738,614.05,285.063
263.647,316.108,36.8271,321.747,327.412,18.4479,292.715,509.394,93.533,286.88,446.997,73.2763,323.044,448.132,34.7543,318.024,517.595,51.7765,239.714,585.806,27.2999,306.406,576.753,67.1292,269.543,582.922,156.979,248.705,599.833,203.598,236.206,612.774,246.063,257.538,645.108,236.362,268.18,635.578,194.511,282.162,621.518,147.273,170.278,743.431,341.097,139.376,642.042,322.429,157.49,667.958,358.319,1.23337,616.5,286.31,1.99793,626.244,315.47,45.5669,625.864,313.47,46.4698,614.068,285.052
263.648,316.11,36.8295,321.744,327.408,18.4401,292.711,509.399,93.5222,286.885,447.103,73.2267,323.019,448.149,34.6735,318.036,517.618,51.7155,239.7,585.772,27.2969,306.398,576.757,67.1135,269.542,582.926,156.971,248.702,599.838,203.588,236.197,612.777,246.046,257.534,645.112,236.353,268.175,635.591,194.5,282.138,621.577,147.162,170.278,743.428,341.089,139.372,642.046,322.416,157.491,667.953,358.309,1.23873,616.516,286.299,1.99354,626.251,315.454,45.5614,625.871,313.457,46.4606,614.077,285.038
263.646,316.109,36.8277,321.742,327.408,18.4377,292.709,509.403,93.5142,286.894,447.104,73.2228,323.033,448.136,34.7279,318.03,517.619,51.7108,239.691,585.794,27.2794,306.386,576.761,67.1005,269.54,582.929,156.964,248.701,599.836,203.581,236.192,612.78,246.034,257.517,645.127,236.323,268.174,635.61,194.461,282.132,621.587,147.152,170.273,743.427,341.082,139.369,642.033,322.349,157.49,667.956,358.297,1.23381,616.53,286.283,1.99509,626.26,315.444,45.5595,625.881,313.448,46.4577,614.093,285.032
263.645,316.11,36.8264,321.735,327.421,18.4358,292.705,509.406,93.5092,286.775,447.133,73.2328,323.029,448.138,34.7216,318.023,517.622,51.7002,239.682,585.755,27.2781,306.377,576.761,67.0884,269.532,582.93,156.945,248.702,599.834,203.566,236.189,612.788,246.023,257.509,645.128,236.313,268.166,635.618,194.446,282.129,621.595,147.145,170.27,743.425,341.075,139.38,642.04,322.376,157.488,667.954,358.289,1.22972,616.542,286.264,1.99114,626.266,315.435,45.5577,625.886,313.435,46.453,614.103,285.019
263.647,316.108,36.825,321.74,327.41,18.4354,292.701,509.407,93.5013,286.77,447.133,73.2277,323.004,448.136,34.7043,318.018,517.624,51.6964,239.673,585.781,27.2578,306.378,576.767,67.0388,269.529,582.932,156.942,248.701,599.841,203.561,236.185,612.794,246.015,257.505,645.13,236.306,268.164,635.628,194.441,282.123,621.599,147.138,170.268,743.427,341.07,139.366,642.042,322.338,157.489,667.953,358.283,1.22752,616.554,286.253,1.99141,626.274,315.424,45.5653,625.912,313.413,46.4549,614.114,285.008
263.643,316.108,36.8281,321.734,327.421,18.4329,292.697,509.409,93.4976,286.767,447.134,73.2235,323.017,448.142,34.7102,318.039,517.678,51.7208,239.667,585.743,27.2646,306.356,576.766,67.023,269.525,582.934,156.938,248.699,599.846,203.555,236.187,612.803,245.998,257.502,645.133,236.302,268.156,635.634,194.433,282.117,621.606,147.131,170.265,743.427,341.065,139.361,642.044,322.328,157.485,667.954,358.273,1.2311,616.563,286.242,1.99475,626.287,315.395,45.5636,625.923,313.4,46.4538,614.121,284.998
263.639,316.106,36.8248,321.734,327.423,18.4321,292.692,509.41,93.4958,286.763,447.136,73.2197,322.991,448.138,34.6916,318.021,517.649,51.7719,239.662,585.742,27.2632,306.341,576.767,67.0615,269.516,582.948,156.932,248.693,599.848,203.54,236.186,612.808,245.993,257.498,645.135,236.298,268.06,635.711,194.322,282.106,621.623,147.103,170.26,743.426,341.058,139.354,642.048,322.32,157.479,667.956,358.267,1.23389,616.586,286.227,1.99094,626.296,315.383,45.5645,625.935,313.387,46.4479,614.138,284.984
263.638,316.106,36.825,321.733,327.422,18.4312,292.686,509.41,93.492,286.756,447.137,73.2202,322.983,448.146,34.6966,318.027,517.688,51.7066,239.643,585.77,27.2417,306.334,576.77,67.0581,269.51,582.95,156.929,248.688,599.852,203.539,236.188,612.815,245.994,257.5,645.132,236.303,268.046,635.718,194.314,282.089,621.632,147.09,170.257,743.427,341.057,139.353,642.053,322.315,157.475,667.955,358.261,1.23689,616.592,286.211,1.99156,626.299,315.376,45.5653,625.942,313.379,46.4457,614.158,284.971
263.637,316.106,36.8242,321.732,327.424,18.4309,292.68,509.412,93.4902,286.75,447.136,73.2194,322.98,448.15,34.6973,318.031,517.681,51.7217,239.634,585.776,27.2474,306.327,576.771,67.0593,269.5,582.958,156.93,248.688,599.857,203.54,236.187,612.82,245.991,257.496,645.134,236.301,268.041,635.722,194.31,282.073,621.639,147.08,170.255,743.429,341.053,139.346,642.057,322.307,157.472,667.956,358.255,1.23708,616.602,286.204,1.99317,626.307,315.371,45.5685,625.945,313.372,46.4395,614.179,284.965
263.636,316.105,36.8241,321.73,327.424,18.4297,292.668,509.411,93.4846,286.746,447.137,73.2169,322.973,448.145,34.6936,318.025,517.682,51.7202,239.63,585.786,27.2522,306.313,576.773,67.0609,269.494,582.957,156.927,248.683,599.859,203.538,236.184,612.823,245.988,257.493,645.135,236.297,268.033,635.723,194.304,282.066,621.639,147.077,170.252,743.433,341.053,139.345,642.059,322.303,157.471,667.958,358.253,1.24349,616.632,286.18,1.99408,626.309,315.36,45.5676,625.952,313.363,46.436,614.181,284.957
263.636,316.105,36.8236,321.73,327.425,18.4299,292.657,509.409,93.4744,286.706,447.153,73.2087,322.97,448.149,34.6964,317.993,517.632,51.6825,239.623,585.787,27.2521,306.304,576.771,67.052,269.451,583.008,156.834,248.679,599.86,203.536,236.182,612.827,245.988,257.491,645.138,236.295,268.017,635.725,194.298,282.06,621.638,147.077,170.234,743.437,341.048,139.342,642.063,322.303,157.474,667.961,358.252,1.24228,616.644,286.169,1.9956,626.313,315.349,45.5689,625.989,313.378,46.4398,614.196,284.95
263.635,316.104,36.8232,321.729,327.425,18.4291,292.65,509.411,93.4714,286.697,447.148,73.2,322.962,448.149,34.6937,318.007,517.682,51.7105,239.605,585.811,27.2514,306.299,576.777,67.0619,269.443,583.008,156.832,248.676,599.859,203.537,236.176,612.827,245.982,257.488,645.14,236.292,268.024,635.725,194.294,282.058,621.639,147.078,170.232,743.439,341.047,139.338,642.067,322.294,157.469,667.961,358.247,1.2445,616.652,286.161,1.9925,626.317,315.342,45.568,625.964,313.34,46.4362,614.197,284.944
263.635,316.103,36.8242,321.729,327.424,18.4298,292.64,509.411,93.4746,286.692,447.148,73.1992,322.959,448.152,34.6917,317.988,517.655,51.7429,239.594,585.792,27.2398,306.294,576.778,67.06,269.432,583.006,156.828,248.668,599.862,203.541,236.177,612.833,245.985,257.487,645.14,236.291,268.009,635.727,194.29,282.051,621.64,147.072,170.231,743.439,341.046,139.338,642.068,322.296,157.466,667.962,358.246,1.25114,616.667,286.149,1.99902,626.327,315.333,45.5661,626,313.356,46.4305,614.206,284.93
263.634,316.103,36.8217,321.73,327.425,18.4273,292.634,509.411,93.4737,286.687,447.151,73.1976,322.957,448.152,34.6926,317.968,517.633,51.6726,239.594,585.807,27.2459,306.29,576.78,67.0608,269.426,583.005,156.828,248.666,599.863,203.541,236.164,612.855,245.98,257.483,645.14,236.288,268.004,635.725,194.284,282.047,621.639,147.071,170.229,743.441,341.043,139.336,642.071,322.294,157.47,667.965,358.246,1.25248,616.675,286.144,2.00296,626.337,315.324,45.5634,626.004,313.348,46.4329,614.216,284.924
263.634,316.105,36.8251,321.729,327.424,18.4295,292.628,509.414,93.4722,286.682,447.15,73.1997,322.962,448.154,34.6983,317.964,517.634,51.6721,239.589,585.794,27.2361,306.283,576.775,67.0473,269.423,583.005,156.826,248.663,599.862,203.54,236.164,612.857,245.977,257.477,645.143,236.285,267.998,635.728,194.279,282.043,621.638,147.07,170.227,743.44,341.043,139.333,642.077,322.291,157.465,667.959,358.209,1.25428,616.683,286.136,2.00737,626.35,315.316,45.572,626.011,313.345,46.4347,614.219,284.918
263.634,316.103,36.8248,321.728,327.425,18.4289,292.626,509.414,93.4728,286.682,447.151,73.1968,322.958,448.155,34.6932,317.95,517.595,51.7186,239.583,585.798,27.2355,306.282,576.781,67.0549,269.42,583.005,156.824,248.665,599.86,203.532,236.175,612.837,245.979,257.477,645.144,236.283,267.994,635.729,194.274,282.012,621.614,147.039,170.227,743.44,341.043,139.332,642.075,322.29,157.467,667.96,358.207,1.26069,616.688,286.126,2.00904,626.352,315.311,45.572,626.014,313.337,46.4291,614.232,284.908
263.635,316.104,36.8226,321.727,327.427,18.4284,292.623,509.415,93.4707,286.68,447.152,73.1963,322.949,448.168,34.7001,317.957,517.641,51.66,239.575,585.792,27.2354,306.28,576.78,67.055,269.418,583.006,156.824,248.661,599.862,203.54,236.171,612.837,245.977,257.475,645.143,236.281,267.994,635.728,194.273,282.012,621.613,147.037,170.227,743.438,341.041,139.333,642.078,322.287,157.465,667.959,358.206,1.25937,616.71,286.121,2.01701,626.374,315.294,45.5736,626.017,313.333,46.4301,614.236,284.902
263.633,316.104,36.8227,321.728,327.426,18.4277,292.622,509.416,93.468,286.68,447.153,73.1945,322.944,448.165,34.6956,317.953,517.643,51.6566,239.572,585.796,27.2343,306.279,576.78,67.0496,269.417,583.007,156.819,248.664,599.862,203.527,236.159,612.859,245.969,257.473,645.142,236.279,267.993,635.724,194.268,282.008,621.615,147.031,170.227,743.437,341.038,139.331,642.079,322.281,157.467,667.957,358.202,1.24987,616.702,286.12,2.0202,626.376,315.291,45.574,626.018,313.33,46.4276,614.269,284.895
263.636,316.103,36.8246,321.729,327.426,18.4256,292.621,509.417,93.4661,286.679,447.152,73.1945,322.946,448.169,34.6964,317.948,517.638,51.6464,239.572,585.791,27.2308,306.276,576.78,67.047,269.417,583.007,156.816,248.663,599.86,203.52,236.159,612.858,245.967,257.474,645.142,236.276,268.012,635.752,194.324,282.008,621.616,147.028,170.229,743.434,341.037,139.328,642.079,322.279,157.467,667.955,358.199,1.2534,616.705,286.11,2.04946,626.408,315.275,45.5796,626.02,313.322,46.4307,614.277,284.889
263.638,316.104,36.8263,321.729,327.425,18.4268,292.623,509.416,93.4628,286.68,447.153,73.1908,322.947,448.169,34.6936,317.947,517.638,51.6419,239.575,585.791,27.2254,306.275,576.781,67.0414,269.419,583.008,156.811,248.663,599.862,203.515,236.159,612.86,245.961,257.473,645.142,236.275,267.995,635.73,194.264,282.011,621.619,147.028,170.242,743.427,341.035,139.331,642.079,322.274,157.47,667.954,358.195,1.25905,616.709,286.102,2.03111,626.393,315.275,45.5834,626.023,313.316,46.4348,614.283,284.883
263.637,316.105,36.8249,321.728,327.427,18.423,292.625,509.417,93.4601,286.682,447.154,73.1882,322.949,448.171,34.6896,317.946,517.639,51.6383,239.566,585.795,27.2253,306.274,576.781,67.0379,269.421,583.011,156.807,248.665,599.861,203.512,236.158,612.859,245.959,257.473,645.142,236.272,267.995,635.73,194.263,282.012,621.619,147.026,170.245,743.424,341.033,139.33,642.077,322.272,157.472,667.951,358.192,1.26109,616.716,286.097,2.03423,626.397,315.268,45.5832,626.027,313.31,46.4251,614.288,284.882
263.64,316.105,36.8276,321.73,327.427,18.4229,292.627,509.417,93.4564,286.684,447.153,73.1867,322.953,448.16,34.6791,317.938,517.597,51.6882,239.572,585.793,27.2205,306.274,576.781,67.0323,269.424,583.013,156.802,248.668,599.864,203.508,236.171,612.835,245.959,257.472,645.141,236.27,268.018,635.752,194.316,282.013,621.622,147.02,170.245,743.422,341.029,139.331,642.076,322.264,157.473,667.949,358.188,1.27157,616.721,286.096,2.03846,626.399,315.259,45.5869,626.027,313.308,46.4328,614.296,284.876
263.648,316.105,36.8297,321.73,327.428,18.4233,292.633,509.42,93.4545,286.687,447.154,73.1842,322.953,448.161,34.6722,317.938,517.597,51.6873,239.565,585.795,27.2192,306.275,576.782,67.0314,269.427,583.014,156.798,248.675,599.876,203.478,236.163,612.857,245.941,257.478,645.139,236.269,268.002,635.734,194.264,282.043,621.646,147.045,170.236,743.415,341.031,139.331,642.077,322.264,157.465,667.941,358.17,1.27529,616.727,286.09,2.06234,626.424,315.248,45.584,626.028,313.302,46.4372,614.302,284.871
263.65,316.107,36.8326,321.731,327.426,18.421,292.635,509.419,93.4513,286.689,447.153,73.1809,322.949,448.159,34.666,317.952,517.643,51.6303,239.57,585.793,27.2175,306.274,576.783,67.0247,269.43,583.017,156.793,248.677,599.878,203.473,236.175,612.835,245.942,257.478,645.14,236.266,268.004,635.729,194.254,282.048,621.648,147.045,170.236,743.412,341.026,139.333,642.075,322.26,157.466,667.938,358.166,1.27889,616.729,286.083,2.06593,626.426,315.245,45.5901,626.03,313.298,46.4519,614.32,284.851
263.649,316.107,36.831,321.731,327.428,18.4182,292.683,509.401,93.4563,286.692,447.157,73.1786,322.949,448.161,34.6608,317.954,517.644,51.6258,239.571,585.793,27.2117,306.282,576.779,66.9709,269.433,583.016,156.79,248.68,599.88,203.469,236.167,612.86,245.934,257.477,645.139,236.263,268.023,635.755,194.309,282.048,621.648,147.04,170.239,743.409,341.025,139.329,642.076,322.254,157.467,667.935,358.163,1.28337,616.731,286.079,2.06975,626.428,315.241,45.5965,626.032,313.291,46.4496,614.33,284.851
263.65,316.107,36.833,321.733,327.428,18.4188,292.687,509.401,93.4546,286.695,447.155,73.1765,322.95,448.159,34.6572,317.985,517.696,51.6606,239.562,585.794,27.2146,306.281,576.779,66.9637,269.442,583.02,156.79,248.683,599.88,203.465,236.167,612.86,245.931,257.473,645.14,236.26,268.038,635.757,194.309,282.05,621.649,147.039,170.239,743.405,341.024,139.332,642.075,322.248,157.476,667.926,358.16,1.28623,616.735,286.074,2.07335,626.429,315.238,45.5954,626.034,313.284,46.4584,614.328,284.84
263.652,316.096,36.8877,321.733,327.428,18.42,292.689,509.403,93.4516,286.699,447.157,73.1733,322.952,448.162,34.6505,317.975,517.653,51.7176,239.569,585.793,27.2051,306.282,576.78,66.9589,269.446,583.02,156.787,248.684,599.883,203.46,236.17,612.862,245.925,257.471,645.136,236.242,268.038,635.76,194.302,282.052,621.649,147.034,170.243,743.402,341.019,139.331,642.074,322.244,157.475,667.924,358.155,1.29017,616.742,286.069,2.07721,626.432,315.235,45.5975,626.035,313.279,46.4648,614.333,284.834
263.653,316.109,36.8345,321.732,327.43,18.4143,292.691,509.403,93.4501,286.702,447.155,73.1676,322.953,448.162,34.6488,317.988,517.698,51.6564,239.573,585.794,27.2025,306.282,576.78,66.9565,269.45,583.022,156.783,248.688,599.883,203.457,236.173,612.863,245.922,257.474,645.138,236.242,268.039,635.76,194.299,282.053,621.65,147.032,170.245,743.399,341.019,139.336,642.074,322.236,157.479,667.92,358.151,1.29223,616.744,286.063,2.0792,626.43,315.228,45.6141,626.038,313.276,46.4751,614.333,284.829
263.655,316.109,36.8328,321.737,327.434,18.4211,292.686,509.404,93.4366,286.704,447.157,73.1673,322.952,448.162,34.6396,317.976,517.654,51.7118,239.573,585.794,27.2001,306.284,576.78,66.9505,269.45,583.021,156.78,248.685,599.877,203.445,236.174,612.865,245.917,257.475,645.139,236.239,268.051,635.764,194.297,282.054,621.648,147.028,170.245,743.394,341.016,139.335,642.072,322.234,157.482,667.918,358.146,1.30076,616.749,286.045,2.08323,626.433,315.224,45.6173,626.034,313.265,46.4805,614.34,284.82
263.656,316.11,36.8349,321.735,327.43,18.4146,292.689,509.403,93.4365,286.707,447.16,73.1635,322.955,448.165,34.6397,317.976,517.654,51.711,239.602,585.698,27.2112,306.286,576.781,66.9481,269.453,583.023,156.776,248.693,599.888,203.45,236.177,612.865,245.913,257.477,645.14,236.236,268.05,635.766,194.289,282.047,621.648,147.013,170.248,743.395,341.014,139.34,642.072,322.226,157.483,667.916,358.141,1.30843,616.75,286.034,2.0859,626.432,315.223,45.62,626.033,313.263,46.4804,614.34,284.816
263.657,316.111,36.8342,321.733,327.43,18.4134,292.691,509.404,93.435,286.708,447.164,73.1632,322.961,448.165,34.6262,317.993,517.709,51.6358,239.575,585.794,27.193,306.287,576.782,66.9449,269.452,583.025,156.771,248.689,599.88,203.437,236.179,612.867,245.908,257.476,645.14,236.232,268.052,635.767,194.285,282.049,621.647,147.011,170.25,743.392,341.013,139.342,642.072,322.219,157.495,667.904,358.125,1.30902,616.752,286.029,2.08848,626.441,315.214,45.624,626.034,313.258,46.4879,614.346,284.81
263.659,316.111,36.8338,321.734,327.43,18.4115,292.688,509.404,93.4315,286.722,447.179,73.1774,322.96,448.166,34.6242,317.991,517.71,51.6291,239.602,585.699,27.2097,306.284,576.779,66.9395,269.454,583.024,156.769,248.698,599.896,203.43,236.182,612.871,245.906,257.475,645.144,236.225,268.053,635.766,194.28,282.049,621.647,147.007,170.252,743.387,340.996,139.343,642.07,322.215,157.496,667.9,358.122,1.30707,616.761,286.015,2.08991,626.44,315.21,45.6204,626.039,313.246,46.4931,614.35,284.807
263.657,316.099,36.8912,321.734,327.431,18.4117,292.686,509.405,93.4278,286.71,447.163,73.1557,322.96,448.167,34.623,317.99,517.711,51.6266,239.598,585.693,27.2066,306.283,576.781,66.9355,269.452,583.024,156.764,248.69,599.887,203.417,236.184,612.872,245.9,257.48,645.143,236.228,268.054,635.768,194.276,282.05,621.647,147.005,170.255,743.384,340.994,139.344,642.068,322.209,157.5,667.901,358.119,1.31038,616.765,286.01,2.09212,626.439,315.209,45.6433,626.048,313.236,46.4971,614.354,284.798
263.66,316.109,36.8348,321.734,327.432,18.4053,292.687,509.406,93.4267,286.722,447.178,73.173,322.966,448.17,34.6228,317.973,517.656,51.6992,239.585,585.679,27.1882,306.283,576.782,66.9305,269.455,583.024,156.759,248.697,599.897,203.422,236.187,612.874,245.896,257.479,645.149,236.21,268.055,635.768,194.273,282.051,621.648,147.002,170.294,743.369,341.004,139.348,642.069,322.208,157.503,667.898,358.114,1.31019,616.769,286.002,2.09364,626.44,315.204,45.6478,626.05,313.23,46.4987,614.355,284.792
263.66,316.112,36.8358,321.735,327.432,18.4063,292.686,509.405,93.4241,286.722,447.182,73.1698,322.956,448.168,34.6152,317.988,517.714,51.6206,239.584,585.676,27.1848,306.288,576.783,66.924,269.448,583.023,156.75,248.692,599.887,203.408,236.187,612.874,245.89,257.48,645.143,236.221,268.055,635.77,194.269,282.052,621.649,147,170.297,743.367,341.002,139.348,642.067,322.202,157.503,667.896,358.11,1.31208,616.772,285.995,2.09561,626.446,315.194,45.6451,626.046,313.227,46.512,614.363,284.788
263.659,316.099,36.8924,321.736,327.434,18.4049,292.686,509.408,93.4226,286.731,447.188,73.1676,322.955,448.167,34.6115,317.988,517.718,51.6152,239.581,585.674,27.1815,306.278,576.784,66.9187,269.453,583.036,156.717,248.691,599.889,203.404,236.188,612.873,245.885,257.483,645.147,236.209,268.056,635.771,194.266,282.051,621.648,146.996,170.299,743.364,341,139.352,642.066,322.202,157.508,667.894,358.106,1.31508,616.776,285.989,2.09751,626.447,315.189,45.6453,626.046,313.219,46.5132,614.372,284.782
263.659,316.1,36.8932,321.736,327.434,18.4014,292.683,509.409,93.4176,286.731,447.189,73.1638,322.956,448.171,34.6073,317.988,517.719,51.6113,239.577,585.671,27.1793,306.283,576.784,66.9107,269.452,583.035,156.713,248.692,599.88,203.381,236.188,612.873,245.88,257.479,645.149,236.198,268.057,635.773,194.261,282.054,621.648,146.992,170.305,743.365,341,139.354,642.069,322.192,157.511,667.893,358.103,1.31829,616.781,285.983,2.09767,626.448,315.185,45.6627,626.054,313.213,46.5221,614.366,284.762
263.66,316.101,36.8935,321.734,327.435,18.4011,292.682,509.409,93.4155,286.729,447.19,73.1604,322.953,448.172,34.605,317.983,517.722,51.6061,239.575,585.669,27.1757,306.338,576.776,66.9347,269.451,583.035,156.707,248.692,599.879,203.376,236.19,612.876,245.872,257.478,645.139,236.19,268.057,635.772,194.256,282.05,621.65,146.988,170.306,743.362,340.995,139.361,642.069,322.187,157.514,667.891,358.102,1.31887,616.784,285.976,2.10019,626.45,315.179,45.6663,626.056,313.208,46.5316,614.368,284.734
263.661,316.102,36.8933,321.733,327.436,18.4009,292.639,509.435,93.3854,286.718,447.232,73.1593,322.945,448.185,34.6022,317.982,517.722,51.6012,239.563,585.652,27.1608,306.328,576.775,66.9302,269.449,583.037,156.703,248.706,599.884,203.375,236.191,612.878,245.863,257.475,645.141,236.181,268.056,635.773,194.251,282.051,621.65,146.983,170.307,743.362,340.991,139.364,642.068,322.185,157.518,667.895,358.099,1.32119,616.79,285.968,2.10087,626.453,315.173,45.6695,626.055,313.206,46.5372,614.374,284.727
263.662,316.113,36.8376,321.732,327.435,18.3997,292.637,509.436,93.3816,286.719,447.232,73.1553,322.957,448.176,34.6007,317.979,517.726,51.5961,239.526,585.77,27.1302,306.336,576.779,66.9272,269.449,583.038,156.698,248.709,599.883,203.363,236.192,612.88,245.858,257.474,645.142,236.177,268.057,635.773,194.246,282.052,621.651,146.979,170.311,743.36,340.988,139.364,642.068,322.183,157.519,667.894,358.093,1.32551,616.789,285.946,2.10163,626.453,315.17,45.668,626.054,313.201,46.5369,614.375,284.719
263.662,316.114,36.8353,321.732,327.435,18.3976,292.633,509.439,93.3758,286.715,447.236,73.1506,322.949,448.19,34.6011,317.959,517.662,51.6748,239.561,585.659,27.1613,306.334,576.779,66.9236,269.439,583.033,156.686,248.706,599.883,203.355,236.186,612.885,245.845,257.475,645.141,236.174,268.057,635.773,194.239,282.047,621.654,146.972,170.313,743.358,340.986,139.365,642.07,322.177,157.515,667.89,358.083,1.32496,616.805,285.931,2.10457,626.453,315.166,45.6746,626.063,313.195,46.5397,614.38,284.711
263.662,316.114,36.8357,321.732,327.436,18.4015,292.633,509.439,93.3693,286.714,447.238,73.1472,322.947,448.194,34.5942,317.975,517.728,51.5877,239.556,585.653,27.1582,306.332,576.78,66.9203,269.441,583.036,156.681,248.693,599.881,203.346,236.187,612.884,245.84,257.474,645.139,236.168,268.056,635.774,194.234,282.045,621.655,146.965,170.315,743.357,340.981,139.368,642.071,322.174,157.524,667.892,358.087,1.32686,616.806,285.927,2.10666,626.456,315.161,45.6715,626.061,313.192,46.5433,614.383,284.705
263.66,316.112,36.8337,321.732,327.438,18.3994,292.629,509.442,93.3654,286.712,447.238,73.144,322.945,448.194,34.5898,317.95,517.67,51.6548,239.552,585.654,27.1571,306.331,576.78,66.9166,269.439,583.037,156.675,248.705,599.885,203.341,236.187,612.885,245.835,257.476,645.14,236.167,268.067,635.782,194.187,282.006,621.63,146.92,170.319,743.359,340.98,139.37,642.085,322.163,157.523,667.89,358.076,1.32888,616.824,285.923,2.10412,626.459,315.164,45.6727,626.066,313.185,46.546,614.39,284.698
263.662,316.115,36.8349,321.732,327.437,18.3961,292.627,509.442,93.3606,286.711,447.241,73.1403,322.93,448.196,34.5808,317.949,517.669,51.6519,239.549,585.649,27.1508,306.329,576.78,66.9102,269.437,583.037,156.667,248.702,599.884,203.335,236.184,612.884,245.826,257.477,645.14,236.163,268.066,635.781,194.179,282.003,621.631,146.913,170.322,743.359,340.977,139.358,642.089,322.165,157.522,667.888,358.07,1.33211,616.827,285.916,2.10333,626.462,315.154,45.6815,626.08,313.171,46.5586,614.398,284.683
263.661,316.112,36.8334,321.731,327.438,18.397,292.625,509.445,93.3542,286.709,447.242,73.1376,322.926,448.198,34.5725,317.946,517.671,51.6477,239.544,585.647,27.1478,306.328,576.782,66.9077,269.436,583.04,156.661,248.703,599.885,203.329,236.186,612.885,245.822,257.477,645.14,236.159,268.067,635.786,194.174,282.005,621.633,146.912,170.325,743.358,340.972,139.361,642.089,322.161,157.523,667.888,358.066,1.33588,616.837,285.908,2.10747,626.463,315.144,45.6825,626.08,313.167,46.5533,614.402,284.665
263.661,316.104,36.8941,321.731,327.439,18.3944,292.601,509.435,93.3172,286.708,447.237,73.1245,322.926,448.2,34.5701,317.944,517.672,51.6442,239.529,585.61,27.0999,306.325,576.782,66.9015,269.436,583.041,156.654,248.704,599.888,203.322,236.185,612.888,245.816,257.466,645.133,236.141,268.063,635.788,194.159,282.045,621.663,146.945,170.329,743.359,340.968,139.374,642.101,322.153,157.526,667.888,358.057,1.34212,616.836,285.896,2.11154,626.465,315.14,45.6834,626.091,313.155,46.5566,614.409,284.655
263.663,316.115,36.8358,321.73,327.439,18.3953,292.596,509.435,93.3116,286.706,447.245,73.1294,322.923,448.204,34.5656,317.943,517.671,51.641,239.521,585.601,27.0905,306.325,576.782,66.8962,269.434,583.044,156.647,248.702,599.89,203.315,236.186,612.889,245.808,257.467,645.134,236.137,268.061,635.788,194.153,281.983,621.659,146.879,170.332,743.36,340.965,139.375,642.103,322.147,157.534,667.889,358.048,1.35068,616.867,285.875,2.11267,626.466,315.136,45.6939,626.117,313.138,46.5549,614.411,284.648
263.661,316.113,36.8324,321.729,327.44,18.3927,292.587,509.441,93.301,286.708,447.248,73.1276,322.923,448.199,34.5491,317.941,517.671,51.6368,239.519,585.598,27.0859,306.322,576.783,66.8928,269.433,583.045,156.64,248.696,599.887,203.295,236.185,612.89,245.803,257.465,645.134,236.132,268.062,635.791,194.148,281.989,621.665,146.88,170.335,743.362,340.96,139.374,642.104,322.135,157.529,667.886,358.047,1.35621,616.869,285.872,2.1149,626.459,315.122,45.697,626.12,313.134,46.5576,614.414,284.644
263.663,316.116,36.8356,321.729,327.44,18.3913,292.587,509.445,93.2951,286.704,447.243,73.1151,322.919,448.207,34.5515,317.935,517.676,51.6307,239.516,585.596,27.0845,306.321,576.783,66.8868,269.434,583.047,156.637,248.704,599.888,203.269,236.183,612.894,245.791,257.461,645.135,236.122,268.088,635.806,194.137,282.008,621.688,146.894,170.339,743.365,340.954,139.379,642.108,322.133,157.541,667.89,358.037,1.35686,616.875,285.867,2.11678,626.47,315.13,45.7115,626.085,313.076,46.5592,614.419,284.637
263.662,316.113,36.8347,321.727,327.441,18.3883,292.585,509.446,93.2889,286.691,447.248,73.1096,322.919,448.208,34.5486,317.934,517.677,51.6277,239.487,585.512,27.024,306.318,576.782,66.8821,269.436,583.05,156.63,248.713,599.898,203.275,236.187,612.895,245.779,257.466,645.136,236.117,268.085,635.808,194.122,282.012,621.697,146.834,170.347,743.363,340.949,139.388,642.113,322.114,157.544,667.89,358.034,1.35938,616.879,285.865,2.12504,626.467,315.1,45.7131,626.093,313.079,46.5614,614.427,284.632
263.663,316.116,36.8345,321.727,327.441,18.3875,292.592,509.449,93.2934,286.705,447.252,73.1182,322.919,448.205,34.5344,317.932,517.677,51.6245,239.505,585.586,27.0727,306.319,576.783,66.878,269.432,583.051,156.621,248.713,599.901,203.27,236.186,612.904,245.779,257.466,645.138,236.113,268.087,635.805,194.119,282.02,621.701,146.836,170.352,743.365,340.946,139.391,642.114,322.108,157.544,667.891,358.027,1.36578,616.886,285.858,2.12325,626.475,315.118,45.6978,626.128,313.116,46.5655,614.437,284.607
263.661,316.105,36.8934,321.726,327.443,18.3843,292.592,509.452,93.2906,286.69,447.253,73.1044,322.914,448.213,34.5381,317.931,517.679,51.622,239.502,585.587,27.071,306.318,576.783,66.8729,269.437,583.059,156.617,248.709,599.899,203.234,236.187,612.911,245.772,257.465,645.146,236.097,268.086,635.813,194.114,282.013,621.705,146.824,170.353,743.365,340.94,139.383,642.116,322.114,157.546,667.891,358.02,1.37272,616.896,285.854,2.12555,626.484,315.117,45.7255,626.103,313.056,46.5682,614.44,284.602
263.663,316.117,36.8366,321.727,327.442,18.3854,292.59,509.452,93.2861,286.689,447.254,73.1019,322.914,448.207,34.5244,317.931,517.679,51.62,239.478,585.503,27.0121,306.318,576.785,66.8702,269.435,583.062,156.61,248.719,599.912,203.24,236.189,612.915,245.766,257.468,645.147,236.09,268.072,635.814,194.074,282.022,621.708,146.827,170.356,743.368,340.937,139.396,642.123,322.098,157.55,667.892,358.016,1.3736,616.901,285.849,2.13048,626.491,315.107,45.728,626.105,313.054,46.568,614.446,284.594
263.663,316.117,36.8341,321.726,327.445,18.3814,292.581,509.452,93.271,286.69,447.256,73.0975,322.913,448.21,34.5185,317.928,517.679,51.6159,239.494,585.577,27.0613,306.317,576.785,66.8662,269.438,583.07,156.604,248.72,599.914,203.235,236.194,612.907,245.757,257.456,645.145,236.067,268.08,635.821,194.064,282.013,621.709,146.816,170.357,743.369,340.931,139.388,642.122,322.105,157.549,667.891,358.011,1.37587,616.904,285.844,2.13222,626.483,315.093,45.7288,626.107,313.048,46.6068,614.552,284.631
263.662,316.116,36.8329,321.726,327.444,18.3838,292.588,509.456,93.2327,286.689,447.257,73.0937,322.914,448.212,34.5172,317.927,517.68,51.6115,239.495,585.58,27.061,306.314,576.789,66.8616,269.437,583.073,156.598,248.722,599.918,203.23,236.194,612.922,245.755,257.526,645.171,235.884,268.081,635.828,194.053,282.013,621.712,146.81,170.357,743.369,340.924,139.388,642.122,322.101,157.556,667.897,358.005,1.37748,616.908,285.842,2.13805,626.491,315.086,45.7343,626.11,313.043,46.5793,614.458,284.584
263.662,316.106,36.895,321.724,327.444,18.38,292.596,509.46,93.2377,286.694,447.25,73.0823,322.911,448.213,34.5116,317.915,517.681,51.6012,239.494,585.576,27.0572,306.313,576.789,66.8583,269.438,583.076,156.593,248.723,599.922,203.229,236.196,612.924,245.749,257.487,645.175,235.945,268.081,635.845,194.032,282.012,621.718,146.805,170.358,743.37,340.922,139.391,642.123,322.095,157.558,667.899,357.997,1.37739,616.91,285.839,2.13782,626.494,315.08,45.7384,626.113,313.043,46.6088,614.56,284.618
263.664,316.12,36.8366,321.726,327.445,18.3799,292.594,509.462,93.232,286.692,447.252,73.0809,322.909,448.215,34.5057,317.913,517.681,51.6009,239.404,585.842,27.0089,306.312,576.79,66.8554,269.437,583.078,156.586,248.725,599.924,203.224,236.215,612.95,245.758,257.485,645.182,235.938,268.079,635.849,194.024,282.011,621.723,146.798,170.362,743.373,340.917,139.39,642.125,322.088,157.556,667.89,357.987,1.37706,616.916,285.833,2.13742,626.505,315.091,45.7447,626.119,313.041,46.6096,614.564,284.61
263.664,316.12,36.8354,321.724,327.445,18.3793,292.596,509.463,93.2308,286.692,447.255,73.0793,322.908,448.217,34.5028,317.913,517.682,51.5987,239.401,585.857,27.0076,306.298,576.777,66.8257,269.44,583.083,156.584,248.727,599.927,203.219,236.219,612.951,245.76,257.489,645.196,235.908,268.075,635.848,194.013,282.01,621.735,146.793,170.361,743.373,340.91,139.384,642.128,322.076,157.552,667.899,357.951,1.37908,616.92,285.832,2.14006,626.497,315.076,45.7402,626.116,313.032,46.5793,614.461,284.567
263.665,316.121,36.836,321.724,327.446,18.3766,292.596,509.464,93.2277,286.692,447.256,73.0768,322.906,448.217,34.499,317.875,517.63,51.5599,239.38,585.765,26.9479,306.297,576.778,66.8238,269.443,583.088,156.58,248.729,599.931,203.217,236.22,612.957,245.756,257.491,645.202,235.902,268.087,635.864,194.01,282.006,621.738,146.788,170.364,743.376,340.907,139.384,642.148,322.069,157.563,667.901,357.949,1.38003,616.922,285.83,2.1396,626.501,315.071,45.7462,626.119,313.033,46.5785,614.466,284.56
263.662,316.118,36.834,321.725,327.446,18.3752,292.596,509.466,93.223,286.694,447.257,73.0748,322.908,448.219,34.4969,317.91,517.682,51.5928,239.375,585.768,26.9411,306.296,576.779,66.8209,269.442,583.09,156.575,248.732,599.937,203.215,236.222,612.958,245.75,257.489,645.207,235.896,268.084,635.868,194.004,281.999,621.742,146.779,170.365,743.378,340.903,139.376,642.148,322.052,157.561,667.9,357.946,1.36564,616.881,285.825,2.13967,626.511,315.081,45.7474,626.123,313.029,46.5765,614.47,284.557
263.663,316.118,36.834,321.725,327.447,18.3762,292.594,509.469,93.2199,286.68,447.262,73.0736,322.906,448.221,34.4949,317.896,517.705,51.4363,239.379,585.811,26.9646,306.295,576.78,66.8176,269.445,583.096,156.571,248.733,599.938,203.207,236.218,612.959,245.734,257.491,645.213,235.891,268.083,635.873,193.999,281.997,621.749,146.771,170.364,743.379,340.9,139.378,642.149,322.048,157.556,667.892,357.931,1.3815,616.932,285.82,2.145,626.515,315.073,45.7465,626.125,313.008,46.5817,614.47,284.554
263.665,316.109,36.8965,321.725,327.447,18.3758,292.594,509.469,93.2171,286.681,447.264,73.072,322.908,448.223,34.4909,317.913,517.676,51.5757,239.392,585.85,26.9928,306.293,576.781,66.815,269.447,583.108,156.562,248.735,599.945,203.208,236.217,612.964,245.729,257.49,645.219,235.883,268.084,635.881,193.993,281.96,621.786,146.715,170.362,743.379,340.895,139.379,642.151,322.047,157.554,667.892,357.927,1.36539,616.889,285.817,2.14562,626.508,315.056,45.7413,626.123,313.007,46.577,614.475,284.545
263.664,316.119,36.8365,321.727,327.447,18.3734,292.594,509.47,93.2142,286.681,447.266,73.0708,322.904,448.224,34.4898,317.911,517.677,51.5766,239.375,585.823,26.9619,306.293,576.781,66.8122,269.447,583.111,156.558,248.738,599.937,203.193,236.218,612.968,245.726,257.49,645.222,235.882,268.073,635.874,193.968,281.97,621.798,146.741,170.362,743.38,340.892,139.375,642.151,322.039,157.553,667.892,357.924,1.36533,616.891,285.815,2.1438,626.51,315.053,45.7467,626.129,313.004,46.5774,614.477,284.542
263.665,316.118,36.8355,321.725,327.448,18.3728,292.593,509.472,93.2109,286.681,447.265,73.0695,322.901,448.224,34.4872,317.91,517.677,51.5737,239.391,585.878,26.9983,306.291,576.781,66.8109,269.449,583.115,156.554,248.744,599.95,203.194,236.224,612.972,245.725,257.489,645.225,235.873,268.072,635.879,193.968,281.972,621.802,146.737,170.36,743.381,340.89,139.376,642.153,322.039,157.553,667.892,357.921,1.36887,616.893,285.807,2.14225,626.512,315.051,45.7453,626.13,313.002,46.5761,614.481,284.538
263.661,316.107,36.8954,321.727,327.443,18.3746,292.592,509.475,93.2082,286.68,447.266,73.0664,322.901,448.227,34.4825,317.871,517.623,51.5352,239.38,585.885,27.0001,306.29,576.782,66.8114,269.454,583.121,156.556,248.74,599.957,203.196,236.225,612.976,245.722,257.491,645.234,235.86,268.071,635.883,193.963,281.965,621.799,146.712,170.361,743.382,340.887,139.376,642.152,322.036,157.557,667.893,357.919,1.36748,616.899,285.803,2.1434,626.514,315.047,45.7472,626.131,312.999,46.5529,614.479,284.519
263.664,316.108,36.8999,321.726,327.448,18.3734,292.592,509.476,93.2077,286.68,447.267,73.0666,322.901,448.227,34.4769,317.906,517.676,51.5691,239.382,585.888,26.9979,306.289,576.782,66.8072,269.454,583.123,156.553,248.744,599.952,203.188,236.216,612.975,245.715,257.488,645.234,235.857,268.068,635.883,193.958,281.945,621.792,146.687,170.36,743.381,340.884,139.372,642.155,322.031,157.554,667.894,357.916,1.38127,616.946,285.799,2.14253,626.516,315.045,45.7463,626.134,312.994,46.5555,614.481,284.519
263.666,316.11,36.9,321.725,327.448,18.3715,292.589,509.478,93.2053,286.681,447.269,73.0653,322.888,448.258,34.4703,317.927,517.767,51.4638,239.375,585.888,26.9905,306.286,576.784,66.8079,269.454,583.125,156.55,248.745,599.96,203.186,236.224,612.975,245.716,257.485,645.236,235.851,268.066,635.886,193.95,281.949,621.799,146.696,170.357,743.382,340.881,139.372,642.157,322.028,157.552,667.893,357.912,1.36659,616.904,285.797,2.14128,626.527,315.034,45.7458,626.136,312.991,46.5786,614.505,284.519
263.665,316.108,36.898,321.726,327.449,18.3704,292.589,509.478,93.2028,286.677,447.269,73.064,322.888,448.26,34.4687,317.905,517.678,51.5656,239.371,585.885,26.9878,306.276,576.811,66.7998,269.446,583.124,156.541,248.744,599.956,203.183,236.217,612.975,245.711,257.492,645.237,235.843,268.063,635.887,193.947,281.947,621.801,146.702,170.359,743.382,340.881,139.372,642.155,322.024,157.553,667.894,357.91,1.36396,616.902,285.796,2.14088,626.528,315.032,45.7467,626.14,312.986,46.5515,614.49,284.507
263.665,316.109,36.8975,321.725,327.449,18.3701,292.586,509.479,93.2002,286.681,447.263,73.052,322.886,448.261,34.4686,317.913,517.768,51.4512,239.365,585.878,26.9786,306.276,576.811,66.7979,269.444,583.126,156.539,248.741,599.956,203.189,236.216,612.977,245.708,257.489,645.238,235.839,268.063,635.887,193.947,281.945,621.802,146.7,170.357,743.382,340.877,139.369,642.157,322.021,157.551,667.893,357.906,1.36155,616.908,285.791,2.13839,626.53,315.03,45.7443,626.14,312.985,46.5576,614.509,284.496
263.667,316.121,36.8381,321.725,327.451,18.3697,292.585,509.479,93.1957,286.678,447.265,73.0519,322.884,448.26,34.4644,317.871,517.715,51.4091,239.371,585.887,26.9767,306.272,576.81,66.7945,269.442,583.124,156.535,248.739,599.954,203.182,236.213,612.975,245.705,257.488,645.238,235.835,268.061,635.888,193.943,281.935,621.796,146.677,170.353,743.381,340.874,139.368,642.157,322.016,157.548,667.89,357.904,1.38004,616.956,285.787,2.13563,626.531,315.026,45.7437,626.138,312.979,46.5557,614.512,284.492
263.666,316.11,36.898,321.723,327.451,18.3686,292.578,509.481,93.1824,286.679,447.265,73.0489,322.883,448.261,34.4606,317.871,517.716,51.4098,239.366,585.886,26.971,306.271,576.81,66.7906,269.439,583.125,156.532,248.738,599.956,203.184,236.211,612.978,245.701,257.484,645.236,235.831,268.056,635.886,193.935,281.942,621.797,146.677,170.352,743.38,340.872,139.367,642.157,322.014,157.548,667.89,357.899,1.37855,616.956,285.785,2.13751,626.533,315.025,45.7498,626.145,312.976,46.5561,614.51,284.491
263.668,316.123,36.8398,321.723,327.452,18.3677,292.575,509.483,93.1797,286.676,447.267,73.049,322.877,448.266,34.4678,317.858,517.729,51.3995,239.334,585.884,26.9667,306.269,576.812,66.7919,269.433,583.124,156.529,248.735,599.956,203.181,236.209,612.977,245.699,257.484,645.238,235.831,268.058,635.887,193.936,281.936,621.797,146.676,170.35,743.378,340.868,139.368,642.156,322.015,157.549,667.891,357.9,1.35914,616.911,285.786,2.13201,626.531,315.023,45.7414,626.14,312.975,46.5557,614.514,284.487
263.666,316.111,36.8994,321.722,327.45,18.3677,292.573,509.482,93.1789,286.674,447.266,73.0424,322.878,448.266,34.4597,317.896,517.787,51.4364,239.324,585.877,26.9669,306.264,576.81,66.7872,269.428,583.123,156.523,248.729,599.951,203.174,236.207,612.978,245.695,257.479,645.237,235.825,268.053,635.887,193.936,281.932,621.794,146.673,170.348,743.377,340.864,139.358,642.162,322.004,157.545,667.89,357.895,1.35624,616.911,285.784,2.13231,626.534,315.02,45.7393,626.14,312.971,46.5522,614.513,284.487
263.671,316.125,36.8398,321.722,327.451,18.3646,292.57,509.484,93.1751,286.675,447.269,73.044,322.876,448.266,34.4583,317.894,517.787,51.4362,239.325,585.88,26.9625,306.265,576.811,66.7864,269.423,583.122,156.519,248.727,599.953,203.174,236.202,612.975,245.692,257.481,645.236,235.825,268.049,635.883,193.928,281.931,621.793,146.672,170.347,743.377,340.864,139.363,642.156,322.006,157.546,667.889,357.893,1.37326,616.959,285.779,2.13214,626.532,315.023,45.7399,626.137,312.972,46.5532,614.515,284.487
263.666,316.122,36.8399,321.723,327.452,18.365,292.567,509.485,93.1711,286.671,447.27,73.0399,322.869,448.269,34.4569,317.904,517.79,51.4029,239.317,585.881,26.9598,306.263,576.812,66.784,269.418,583.121,156.517,248.726,599.953,203.172,236.201,612.977,245.691,257.474,645.236,235.822,268.047,635.881,193.926,281.928,621.79,146.671,170.344,743.374,340.856,139.363,642.157,322.004,157.544,667.889,357.891,1.35525,616.913,285.782,2.13189,626.531,315.021,45.7378,626.136,312.971,46.5531,614.514,284.487
263.665,316.109,36.8987,321.725,327.447,18.3679,292.564,509.487,93.1697,286.669,447.269,73.0385,322.87,448.27,34.4594,317.851,517.733,51.3937,239.312,585.88,26.955,306.02,576.877,66.6066,269.415,583.118,156.512,248.721,599.95,203.169,236.196,612.974,245.686,257.473,645.235,235.818,268.042,635.878,193.923,281.926,621.789,146.67,170.343,743.373,340.853,139.361,642.157,322.001,157.543,667.886,357.888,1.37217,616.959,285.776,2.12927,626.529,315.018,45.7385,626.137,312.969,46.5492,614.511,284.481
263.667,316.12,36.8383,321.724,327.454,18.3648,292.559,509.487,93.165,286.668,447.268,73.0337,322.865,448.272,34.4497,317.887,517.788,51.4262,239.308,585.883,26.952,306.004,576.873,66.5964,269.411,583.117,156.509,248.716,599.947,203.164,236.195,612.974,245.68,257.472,645.234,235.816,268.039,635.876,193.916,281.927,621.79,146.669,170.342,743.372,340.849,139.354,642.16,321.996,157.542,667.885,357.886,1.35095,616.911,285.78,2.12696,626.53,315.014,45.7367,626.132,312.968,46.5496,614.51,284.482
263.664,316.109,36.8971,321.724,327.448,18.3649,292.559,509.487,93.1609,286.667,447.271,73.034,322.863,448.271,34.4479,317.899,517.793,51.3963,239.304,585.884,26.955,306.005,576.874,66.5977,269.407,583.116,156.507,248.714,599.947,203.163,236.192,612.974,245.676,257.47,645.232,235.814,268.025,635.874,193.912,281.924,621.788,146.668,170.34,743.368,340.848,139.359,642.151,322,157.544,667.885,357.885,1.35029,616.912,285.777,2.12692,626.525,315.017,45.7348,626.129,312.968,46.5469,614.514,284.477
263.666,316.12,36.8369,321.721,327.453,18.3636,292.556,509.487,93.1579,286.663,447.271,73.031,322.86,448.273,34.4442,317.894,517.793,51.3934,239.303,585.884,26.9479,306.003,576.872,66.5946,269.401,583.114,156.503,248.711,599.944,203.16,236.19,612.97,245.674,257.467,645.232,235.81,268.022,635.873,193.907,281.895,621.762,146.638,170.34,743.367,340.845,139.352,642.156,321.99,157.543,667.882,357.883,1.35919,616.958,285.769,2.12645,626.525,315.015,45.7345,626.13,312.966,46.5449,614.507,284.481
263.664,316.107,36.8965,321.72,327.454,18.3601,292.552,509.489,93.1519,286.663,447.273,73.029,322.858,448.273,34.4444,317.893,517.794,51.3907,239.294,585.88,26.9441,306.095,576.857,66.6136,269.398,583.113,156.5,248.686,599.933,203.129,236.189,612.973,245.672,257.467,645.233,235.808,268.019,635.871,193.903,281.892,621.762,146.638,170.337,743.363,340.841,139.349,642.154,321.987,157.543,667.88,357.88,1.35884,616.963,285.766,2.12568,626.527,315.013,45.7317,626.127,312.962,46.5457,614.505,284.479
263.665,316.11,36.8981,321.721,327.455,18.3622,292.548,509.488,93.1479,286.661,447.273,73.0288,322.858,448.274,34.442,317.892,517.795,51.389,239.291,585.88,26.9386,306.094,576.858,66.6121,269.396,583.11,156.497,248.683,599.932,203.127,236.187,612.97,245.67,257.464,645.232,235.806,268.017,635.873,193.901,281.891,621.761,146.636,170.336,743.361,340.842,139.358,642.146,321.994,157.542,667.877,357.88,1.35627,616.958,285.766,2.12499,626.524,315.013,45.7329,626.127,312.964,46.543,614.507,284.475
263.664,316.118,36.8375,321.723,327.449,18.3596,292.526,509.497,93.1365,286.663,447.271,73.0268,322.844,448.28,34.418,317.89,517.796,51.3871,239.286,585.884,26.9359,306.09,576.859,66.6098,269.393,583.11,156.495,248.68,599.932,203.124,236.186,612.968,245.666,257.462,645.232,235.802,268.013,635.871,193.896,281.89,621.764,146.633,170.332,743.356,340.839,139.355,642.145,321.991,157.541,667.875,357.878,1.33775,616.913,285.771,2.1239,626.522,315.013,45.7291,626.122,312.961,46.5438,614.506,284.477
263.666,316.12,36.838,321.719,327.455,18.3602,292.525,509.5,93.1344,286.66,447.273,73.0241,322.853,448.274,34.4358,317.887,517.796,51.3837,239.284,585.881,26.9328,306.087,576.86,66.6058,269.367,583.126,156.48,248.681,599.932,203.124,236.166,612.948,245.649,257.46,645.233,235.8,268.011,635.872,193.894,281.889,621.762,146.631,170.332,743.345,340.831,139.354,642.142,321.99,157.568,667.861,357.886,1.32793,616.919,285.763,2.12234,626.523,315.012,45.7278,626.126,312.958,46.5404,614.509,284.473
263.666,316.11,36.8978,321.712,327.46,18.3527,292.522,509.501,93.1325,286.657,447.274,73.022,322.838,448.281,34.4188,317.886,517.797,51.3802,239.282,585.881,26.9277,306.083,576.861,66.6017,269.391,583.114,156.49,248.68,599.932,203.122,236.166,612.947,245.647,257.46,645.232,235.799,268.011,635.873,193.892,281.888,621.765,146.628,170.331,743.34,340.83,139.354,642.14,321.989,157.567,667.859,357.884,1.34673,616.964,285.759,2.12266,626.522,315.011,45.7325,626.124,312.961,46.5399,614.512,284.47
263.664,316.118,36.8385,321.721,327.45,18.3596,292.521,509.501,93.1296,286.657,447.274,73.0211,322.836,448.281,34.4139,317.885,517.798,51.3795,239.275,585.884,26.9287,306.078,576.861,66.5987,269.364,583.13,156.475,248.678,599.931,203.119,236.165,612.947,245.646,257.459,645.232,235.797,268.007,635.874,193.891,281.884,621.768,146.625,170.328,743.337,340.829,139.405,642.197,322.006,157.568,667.857,357.886,1.34541,616.967,285.757,2.12216,626.521,315.01,45.7281,626.12,312.958,46.5404,614.519,284.466
263.664,316.108,36.8966,321.711,327.458,18.3519,292.517,509.502,93.1251,286.657,447.273,73.0199,322.834,448.281,34.4099,317.882,517.799,51.3792,239.275,585.883,26.9283,306.075,576.861,66.594,269.363,583.128,156.47,248.677,599.931,203.118,236.161,612.942,245.641,257.457,645.231,235.795,268.005,635.875,193.887,281.883,621.771,146.623,170.329,743.336,340.831,139.35,642.141,321.982,157.564,667.85,357.883,1.34543,616.965,285.756,2.12074,626.52,315.01,45.7284,626.12,312.958,46.5393,614.52,284.464
263.666,316.118,36.8391,321.72,327.45,18.3607,292.516,509.502,93.1225,286.654,447.275,73.0213,322.832,448.281,34.4104,317.88,517.798,51.377,239.255,585.868,26.9158,306.066,576.856,66.5848,269.362,583.132,156.47,248.679,599.932,203.117,236.163,612.945,245.644,257.455,645.232,235.795,268.004,635.878,193.887,281.882,621.771,146.622,170.328,743.333,340.831,139.35,642.136,321.984,157.565,667.85,357.883,1.34211,616.964,285.756,2.11953,626.516,315.006,45.7293,626.121,312.954,46.5335,614.518,284.46
263.663,316.117,36.8357,321.708,327.464,18.3492,292.514,509.502,93.1236,286.655,447.277,73.0198,322.83,448.285,34.4102,317.88,517.799,51.3769,239.249,585.873,26.9218,306.068,576.863,66.5935,269.361,583.132,156.468,248.678,599.932,203.116,236.163,612.945,245.644,257.455,645.232,235.794,268.002,635.877,193.886,281.881,621.773,146.624,170.328,743.331,340.83,139.349,642.134,321.983,157.567,667.848,357.882,1.34206,616.967,285.753,2.11988,626.516,315.011,45.7268,626.117,312.956,46.5353,614.516,284.457
263.665,316.119,36.8371,321.709,327.46,18.3525,292.511,509.504,93.1238,286.649,447.276,73.0208,322.82,448.276,34.3993,317.878,517.799,51.3774,239.25,585.876,26.9184,306.066,576.864,66.5905,269.363,583.135,156.467,248.679,599.933,203.117,236.161,612.945,245.643,257.454,645.231,235.795,268.001,635.877,193.883,281.879,621.775,146.622,170.326,743.331,340.833,139.347,642.135,321.979,157.564,667.845,357.882,1.32432,616.923,285.756,2.12027,626.517,315.01,45.7261,626.12,312.953,46.5393,614.521,284.457
263.661,316.105,36.8957,321.707,327.465,18.3512,292.51,509.503,93.1247,286.65,447.275,73.0208,322.819,448.278,34.3979,317.876,517.8,51.377,239.254,585.869,26.9164,306.059,576.858,66.581,269.361,583.136,156.467,248.679,599.935,203.118,236.161,612.944,245.644,257.454,645.231,235.795,268,635.877,193.885,281.874,621.773,146.612,170.324,743.328,340.832,139.402,642.194,322.002,157.56,667.845,357.882,1.3231,616.924,285.755,2.12071,626.518,315.008,45.7272,626.12,312.951,46.5391,614.517,284.458
263.661,316.104,36.8959,321.719,327.45,18.3603,292.51,509.505,93.1236,286.649,447.277,73.0218,322.818,448.28,34.4004,317.876,517.8,51.378,239.248,585.872,26.916,306.064,576.865,66.5933,269.361,583.137,156.468,248.679,599.936,203.119,236.151,612.949,245.645,257.452,645.231,235.795,267.989,635.877,193.885,281.878,621.778,146.623,170.323,743.329,340.832,139.347,642.135,321.982,157.562,667.846,357.882,1.34005,616.966,285.753,2.12093,626.517,315.009,45.7278,626.119,312.953,46.5367,614.522,284.453
263.662,316.118,36.8369,321.71,327.459,18.3532,292.508,509.504,93.126,286.647,447.275,73.0224,322.826,448.281,34.4137,317.862,517.797,51.405,239.241,585.87,26.9214,306.055,576.86,66.5828,269.36,583.136,156.468,248.679,599.936,203.118,236.149,612.949,245.646,257.451,645.233,235.797,267.987,635.876,193.883,281.827,621.904,146.391,170.32,743.325,340.831,139.342,642.136,321.979,157.557,667.844,357.883,1.34032,616.967,285.749,2.12167,626.517,315.009,45.7267,626.119,312.953,46.5351,614.521,284.452
263.664,316.118,36.8367,321.712,327.46,18.3536,292.506,509.503,93.1277,286.645,447.277,73.0226,322.817,448.279,34.4055,317.863,517.797,51.4069,239.244,585.864,26.9166,306.054,576.859,66.5832,269.361,583.139,156.467,248.677,599.935,203.118,236.148,612.95,245.645,257.45,645.232,235.796,267.985,635.878,193.883,281.871,621.779,146.616,170.319,743.327,340.832,139.343,642.136,321.978,157.557,667.848,357.881,1.33983,616.969,285.748,2.12207,626.514,315.011,45.7241,626.119,312.949,46.5334,614.517,284.45
263.662,316.106,36.8954,321.719,327.449,18.3633,292.505,509.503,93.1258,286.646,447.275,73.0214,322.816,448.277,34.4014,317.861,517.796,51.4082,239.238,585.868,26.9191,306.055,576.859,66.5853,269.36,583.138,156.471,248.678,599.935,203.117,236.149,612.951,245.647,257.45,645.233,235.795,267.987,635.879,193.886,281.828,621.904,146.395,170.318,743.328,340.832,139.341,642.137,321.978,157.557,667.847,357.882,1.33892,616.969,285.748,2.11919,626.516,315.002,45.7257,626.119,312.949,46.5348,614.515,284.447
263.665,316.118,36.8383,321.711,327.46,18.352,292.505,509.503,93.1281,286.643,447.274,73.0233,322.816,448.281,34.4084,317.862,517.798,51.409,239.231,585.866,26.9251,306.052,576.858,66.5841,269.36,583.139,156.47,248.678,599.939,203.118,236.149,612.952,245.645,257.449,645.234,235.796,267.984,635.879,193.884,281.823,621.906,146.385,170.318,743.329,340.834,139.339,642.136,321.978,157.556,667.844,357.879,1.3198,616.925,285.753,2.11798,626.518,315.007,45.7233,626.12,312.948,46.5294,614.521,284.448
263.664,316.116,36.835,321.711,327.461,18.3531,292.507,509.503,93.1302,286.646,447.275,73.0229,322.815,448.28,34.4064,317.862,517.797,51.408,239.241,585.865,26.9218,306.059,576.865,66.5967,269.36,583.141,156.472,248.678,599.938,203.118,236.148,612.954,245.647,257.45,645.236,235.796,267.983,635.879,193.884,281.823,621.905,146.387,170.314,743.328,340.831,139.338,642.138,321.976,157.554,667.847,357.88,1.31598,616.975,285.733,2.1144,626.514,315.001,45.7221,626.118,312.947,46.5314,614.52,284.45
263.665,316.108,36.8976,321.72,327.45,18.3597,292.507,509.502,93.1297,286.648,447.276,73.0227,322.818,448.279,34.4077,317.822,517.729,51.3591,239.245,585.864,26.9222,306.061,576.865,66.5982,269.36,583.14,156.473,248.678,599.94,203.12,236.149,612.955,245.647,257.449,645.238,235.796,267.983,635.881,193.882,281.824,621.905,146.39,170.312,743.328,340.832,139.334,642.14,321.973,157.527,667.856,357.871,1.3157,616.978,285.732,2.11725,626.519,315.005,45.7216,626.119,312.949,46.5289,614.518,284.449
263.662,316.105,36.8964,321.711,327.46,18.3515,292.508,509.502,93.1289,286.647,447.276,73.0259,322.825,448.284,34.4171,317.862,517.796,51.4105,239.246,585.867,26.9181,306.061,576.867,66.5988,269.36,583.14,156.473,248.678,599.941,203.12,236.148,612.956,245.646,257.449,645.24,235.796,267.973,635.88,193.884,281.824,621.907,146.389,170.31,743.328,340.829,139.335,642.136,321.977,157.524,667.856,357.87,1.31256,616.976,285.731,2.11249,626.52,315.003,45.7197,626.118,312.948,46.5313,614.518,284.452
263.667,316.118,36.8378,321.71,327.465,18.3506,292.51,509.501,93.1293,286.646,447.275,73.0262,322.827,448.285,34.4182,317.823,517.728,51.3588,239.239,585.871,26.9245,306.061,576.865,66.5988,269.361,583.141,156.475,248.678,599.942,203.121,236.167,612.979,245.663,257.447,645.242,235.795,267.973,635.883,193.886,281.824,621.906,146.389,170.307,743.325,340.826,139.33,642.141,321.973,157.527,667.86,357.871,1.31121,616.972,285.733,2.11144,626.519,315.004,45.7153,626.12,312.947,46.5268,614.515,284.45
263.666,316.116,36.8348,321.721,327.45,18.3558,292.51,509.501,93.1307,286.649,447.274,73.0253,322.818,448.278,34.4051,317.865,517.795,51.4092,239.242,585.86,26.924,306.062,576.865,66.6011,269.36,583.143,156.473,248.68,599.942,203.121,236.168,612.979,245.662,257.446,645.243,235.794,267.981,635.885,193.883,281.825,621.906,146.39,170.307,743.326,340.826,139.33,642.142,321.974,157.525,667.857,357.869,1.30882,616.975,285.733,2.11105,626.52,315.003,45.7142,626.116,312.95,46.5224,614.516,284.45
263.663,316.103,36.8951,321.721,327.45,18.3601,292.514,509.501,93.133,286.651,447.274,73.0232,322.828,448.284,34.4169,317.866,517.796,51.4115,239.241,585.865,26.9226,306.064,576.865,66.6032,269.362,583.142,156.476,248.679,599.944,203.122,236.168,612.981,245.663,257.446,645.245,235.795,267.972,635.884,193.885,281.824,621.907,146.389,170.302,743.325,340.824,139.335,642.134,321.978,157.524,667.856,357.869,1.30802,616.971,285.733,2.10958,626.519,315.006,45.7047,626.112,312.948,46.523,614.513,284.452
263.663,316.103,36.8956,321.721,327.456,18.3573,292.516,509.501,93.1309,286.652,447.271,73.0261,322.83,448.282,34.4176,317.866,517.796,51.4129,239.249,585.866,26.9195,306.065,576.865,66.6031,269.361,583.141,156.476,248.679,599.944,203.122,236.168,612.981,245.663,257.446,645.245,235.794,267.971,635.885,193.885,281.824,621.907,146.389,170.304,743.327,340.825,139.329,642.142,321.972,157.525,667.856,357.87,1.3075,616.972,285.732,2.10832,626.518,315.007,45.712,626.116,312.949,46.5175,614.486,284.466
263.664,316.104,36.8957,321.723,327.45,18.3603,292.518,509.501,93.1325,286.653,447.271,73.0252,322.831,448.282,34.4162,317.825,517.725,51.3573,239.245,585.867,26.9279,306.063,576.863,66.6022,269.364,583.144,156.475,248.681,599.944,203.121,236.169,612.984,245.662,257.446,645.249,235.794,267.971,635.887,193.884,281.826,621.908,146.39,170.301,743.325,340.824,139.334,642.134,321.976,157.522,667.856,357.869,1.30437,616.97,285.734,2.1063,626.517,315.006,45.6999,626.107,312.951,46.5167,614.484,284.465
263.664,316.104,36.8967,321.711,327.464,18.3484,292.521,509.501,93.1332,286.655,447.273,73.0248,322.83,448.283,34.4179,317.88,517.798,51.3818,239.247,585.863,26.9232,306.065,576.863,66.6025,269.365,583.145,156.476,248.681,599.945,203.121,236.168,612.982,245.661,257.445,645.248,235.794,267.972,635.889,193.885,281.828,621.908,146.391,170.302,743.325,340.823,139.335,642.132,321.978,157.522,667.856,357.871,1.30412,616.969,285.731,2.10365,626.516,315.003,45.7022,626.109,312.947,46.5131,614.482,284.463
263.656,316.103,36.8931,321.712,327.46,18.3516,292.521,509.5,93.133,286.656,447.272,73.0227,322.831,448.281,34.4147,317.869,517.795,51.4127,239.251,585.865,26.9183,306.066,576.863,66.6023,269.366,583.145,156.475,248.68,599.945,203.121,236.169,612.982,245.663,257.446,645.25,235.794,267.983,635.891,193.887,281.828,621.907,146.39,170.302,743.326,340.823,139.333,642.132,321.979,157.523,667.855,357.87,1.29799,616.971,285.732,2.10329,626.517,315.001,45.7027,626.107,312.947,46.5104,614.482,284.459
263.664,316.104,36.8961,321.724,327.45,18.3594,292.523,509.501,93.133,286.657,447.272,73.0237,322.834,448.282,34.4201,317.868,517.795,51.4117,239.255,585.868,26.9231,306.067,576.862,66.603,269.366,583.145,156.476,248.684,599.945,203.123,236.171,612.981,245.663,257.446,645.249,235.795,267.986,635.892,193.887,281.829,621.908,146.391,170.302,743.323,340.823,139.329,642.139,321.971,157.521,667.853,357.87,1.30144,616.97,285.727,2.10151,626.512,314.998,45.7031,626.108,312.944,46.5135,614.481,284.462
263.666,316.105,36.897,321.721,327.455,18.3571,292.523,509.499,93.1346,286.656,447.271,73.0241,322.833,448.282,34.4146,317.881,517.799,51.3832,239.247,585.87,26.9243,306.067,576.862,66.6027,269.365,583.141,156.475,248.681,599.942,203.121,236.172,612.981,245.663,257.447,645.25,235.795,267.987,635.888,193.89,281.83,621.907,146.391,170.302,743.322,340.823,139.333,642.131,321.975,157.514,667.85,357.866,1.3041,616.97,285.726,2.1022,626.516,314.994,45.7018,626.107,312.946,46.5178,614.5,284.45
263.665,316.104,36.8974,321.721,327.455,18.3572,292.523,509.5,93.1332,286.657,447.272,73.0239,322.834,448.281,34.416,317.87,517.794,51.4104,239.27,585.877,26.9326,306.069,576.861,66.606,269.364,583.14,156.478,248.679,599.94,203.122,236.151,612.957,245.648,257.446,645.246,235.795,267.987,635.884,193.889,281.877,621.779,146.623,170.303,743.32,340.824,139.334,642.128,321.979,157.547,667.841,357.877,1.30521,616.97,285.728,2.10103,626.517,314.992,45.7003,626.107,312.945,46.5146,614.482,284.461
263.664,316.104,36.8962,321.713,327.465,18.3468,292.524,509.5,93.1331,286.657,447.271,73.025,322.833,448.282,34.4146,317.882,517.797,51.3826,239.255,585.865,26.9236,306.069,576.861,66.6031,269.362,583.134,156.475,248.678,599.939,203.121,236.151,612.955,245.648,257.447,645.244,235.797,267.999,635.885,193.892,281.883,621.775,146.632,170.304,743.32,340.823,139.331,642.129,321.971,157.522,667.851,357.869,1.30287,616.968,285.729,2.10389,626.518,314.995,45.7016,626.11,312.942,46.5154,614.48,284.46
263.665,316.105,36.8971,321.72,327.455,18.3544,292.516,509.502,93.1301,286.658,447.271,73.0224,322.833,448.281,34.4116,317.87,517.795,51.4112,239.252,585.864,26.921,306.069,576.859,66.6006,269.362,583.133,156.476,248.679,599.937,203.121,236.149,612.955,245.647,257.447,645.24,235.796,267.999,635.883,193.891,281.881,621.772,146.628,170.303,743.317,340.822,139.331,642.13,321.972,157.52,667.85,357.867,1.30168,616.969,285.734,2.10499,626.521,314.997,45.7002,626.109,312.943,46.5147,614.48,284.462
263.667,316.106,36.8971,321.722,327.457,18.354,292.52,509.499,93.1311,286.659,447.272,73.0223,322.836,448.281,34.4139,317.87,517.795,51.4111,239.26,585.874,26.922,306.07,576.862,66.6015,269.359,583.131,156.476,248.677,599.937,203.12,236.148,612.953,245.646,257.447,645.237,235.798,267.989,635.873,193.89,281.88,621.768,146.627,170.301,743.315,340.819,139.389,642.193,321.996,157.538,667.835,357.871,1.29531,616.971,285.73,2.10377,626.519,315,45.7024,626.107,312.947,46.5126,614.48,284.461
263.671,316.117,36.8421,321.712,327.465,18.3466,292.52,509.499,93.1323,286.657,447.274,73.023,322.836,448.282,34.4193,317.882,517.799,51.3809,239.258,585.871,26.9166,306.069,576.861,66.6027,269.358,583.129,156.477,248.674,599.934,203.12,236.144,612.953,245.646,257.445,645.233,235.797,267.988,635.869,193.893,281.879,621.765,146.63,170.301,743.315,340.82,139.326,642.134,321.964,157.509,667.846,357.859,1.30432,616.969,285.726,2.10668,626.518,314.995,45.6991,626.105,312.942,46.5151,614.481,284.461
263.666,316.106,36.8986,321.724,327.451,18.3576,292.521,509.5,93.1319,286.656,447.274,73.022,322.833,448.284,34.4168,317.869,517.795,51.4106,239.255,585.877,26.9213,306.069,576.862,66.6012,269.355,583.127,156.474,248.673,599.935,203.12,236.143,612.952,245.647,257.446,645.232,235.797,267.98,635.868,193.896,281.88,621.763,146.631,170.299,743.315,340.819,139.326,642.124,321.967,157.507,667.845,357.859,1.29854,616.97,285.728,2.09874,626.515,314.99,45.6992,626.104,312.939,46.5089,614.486,284.453
263.667,316.107,36.8992,321.711,327.466,18.3461,292.519,509.5,93.1311,286.655,447.273,73.0217,322.833,448.282,34.4134,317.868,517.795,51.4093,239.25,585.868,26.9188,306.068,576.863,66.6007,269.353,583.126,156.475,248.669,599.932,203.12,236.139,612.95,245.645,257.442,645.23,235.798,267.977,635.864,193.894,281.879,621.764,146.633,170.296,743.313,340.818,139.327,642.125,321.966,157.507,667.844,357.859,1.29462,616.971,285.719,2.09901,626.509,314.974,45.6995,626.101,312.937,46.5102,614.489,284.445
263.667,316.118,36.8392,321.725,327.452,18.3543,292.519,509.5,93.1305,286.654,447.272,73.0224,322.835,448.284,34.4099,317.868,517.796,51.4086,239.258,585.874,26.9148,306.069,576.863,66.6002,269.353,583.126,156.474,248.668,599.93,203.12,236.138,612.948,245.648,257.441,645.229,235.798,267.975,635.863,193.893,281.879,621.762,146.63,170.281,743.308,340.813,139.324,642.123,321.963,157.498,667.838,357.859,1.29355,616.971,285.714,2.09668,626.513,314.955,45.706,626.096,312.908,46.5064,614.485,284.439
263.665,316.106,36.8968,321.714,327.46,18.348,292.516,509.502,93.1252,286.655,447.276,73.0202,322.832,448.285,34.4087,317.879,517.801,51.3788,239.247,585.872,26.917,306.06,576.857,66.5865,269.352,583.124,156.474,248.652,599.926,203.114,236.136,612.947,245.645,257.438,645.229,235.796,267.972,635.86,193.895,281.876,621.763,146.633,170.279,743.305,340.813,139.321,642.118,321.964,157.494,667.836,357.858,1.28235,616.976,285.703,2.09286,626.508,314.952,45.7029,626.089,312.905,46.5041,614.485,284.433
263.665,316.106,36.8967,321.712,327.462,18.3472,292.515,509.504,93.1228,286.656,447.275,73.0192,322.822,448.282,34.4003,317.88,517.8,51.3778,239.251,585.873,26.9175,306.059,576.858,66.584,269.349,583.125,156.471,248.655,599.926,203.113,236.135,612.945,245.642,257.437,645.229,235.796,267.972,635.861,193.889,281.875,621.763,146.63,170.274,743.301,340.814,139.319,642.114,321.963,157.493,667.833,357.858,1.27819,616.98,285.695,2.08763,626.505,314.947,45.7036,626.082,312.905,46.5002,614.484,284.429
263.663,316.116,36.8352,321.713,327.463,18.3469,292.515,509.504,93.1224,286.654,447.276,73.0182,322.821,448.279,34.3953,317.879,517.801,51.3767,239.252,585.878,26.9129,306.058,576.857,66.5823,269.347,583.124,156.472,248.65,599.924,203.11,236.133,612.942,245.64,257.436,645.229,235.797,267.97,635.862,193.891,281.875,621.762,146.63,170.265,743.289,340.807,139.318,642.11,321.964,157.49,667.83,357.857,1.27663,616.974,285.69,2.08311,626.503,314.938,45.7004,626.076,312.903,46.4949,614.478,284.425
263.667,316.118,36.8343,321.713,327.461,18.3467,292.514,509.505,93.1194,286.654,447.277,73.0153,322.823,448.28,34.3956,317.879,517.801,51.3739,239.253,585.871,26.9085,306.059,576.859,66.5813,269.348,583.122,156.467,248.652,599.922,203.109,236.134,612.941,245.642,257.434,645.228,235.794,267.967,635.861,193.889,281.875,621.764,146.629,170.264,743.284,340.807,139.32,642.107,321.967,157.518,667.814,357.868,1.27384,616.97,285.685,2.08104,626.494,314.937,45.6941,626.068,312.893,46.496,614.465,284.429
263.662,316.105,36.8948,321.711,327.463,18.3448,292.514,509.505,93.1174,286.651,447.277,73.0156,322.823,448.28,34.394,317.877,517.8,51.3727,239.252,585.872,26.909,306.06,576.859,66.5808,269.347,583.123,156.467,248.647,599.919,203.105,236.132,612.935,245.638,257.432,645.226,235.794,267.968,635.863,193.889,281.872,621.764,146.628,170.263,743.279,340.807,139.317,642.1,321.962,157.514,667.807,357.868,1.27032,616.968,285.681,2.0732,626.496,314.93,45.6947,626.063,312.892,46.4991,614.462,284.429
263.662,316.104,36.8943,321.71,327.462,18.3449,292.51,509.504,93.1155,286.651,447.278,73.0145,322.822,448.279,34.3942,317.877,517.799,51.3731,239.252,585.872,26.908,306.06,576.859,66.5796,269.346,583.121,156.463,248.646,599.917,203.103,236.13,612.929,245.634,257.431,645.222,235.792,267.965,635.859,193.888,281.867,621.76,146.615,170.264,743.273,340.809,139.39,642.173,321.997,157.487,667.777,357.842,1.26609,616.969,285.676,2.06787,626.494,314.921,45.6908,626.057,312.891,46.4935,614.453,284.429
263.665,316.117,36.8341,321.712,327.462,18.3464,292.51,509.505,93.1153,286.651,447.278,73.013,322.823,448.279,34.3926,317.878,517.799,51.3728,239.255,585.87,26.9071,306.062,576.858,66.5794,269.345,583.119,156.46,248.648,599.913,203.1,236.129,612.929,245.631,257.432,645.22,235.79,267.963,635.856,193.886,281.875,621.764,146.627,170.263,743.267,340.811,139.316,642.074,321.959,157.493,667.769,357.85,1.26382,616.969,285.673,2.06202,626.495,314.918,45.6841,626.054,312.888,46.4925,614.455,284.426
263.661,316.105,36.8928,321.711,327.462,18.3443,292.51,509.505,93.1133,286.651,447.276,73.0113,322.821,448.278,34.39,317.878,517.799,51.3691,239.257,585.868,26.9056,306.06,576.857,66.5722,269.346,583.12,156.46,248.644,599.911,203.1,236.128,612.924,245.631,257.429,645.212,235.787,267.963,635.855,193.887,281.868,621.76,146.616,170.266,743.264,340.816,139.394,642.164,321.997,157.519,667.787,357.868,1.26407,616.962,285.663,2.05812,626.492,314.913,45.6834,626.055,312.887,46.4939,614.452,284.428
263.664,316.116,36.8325,321.711,327.46,18.3449,292.509,509.504,93.1119,286.65,447.276,73.0103,322.822,448.28,34.3879,317.879,517.799,51.3697,239.252,585.868,26.9044,306.06,576.859,66.5749,269.345,583.117,156.458,248.643,599.907,203.099,236.126,612.919,245.631,257.428,645.206,235.787,267.963,635.852,193.886,281.867,621.759,146.612,170.268,743.26,340.818,139.41,642.146,322.016,157.518,667.783,357.868,1.26238,616.962,285.663,2.0566,626.495,314.913,45.682,626.05,312.886,46.4896,614.451,284.425
263.662,316.105,36.8915,321.71,327.463,18.3455,292.509,509.503,93.1131,286.653,447.277,73.0112,322.822,448.281,34.391,317.878,517.799,51.3707,239.257,585.867,26.9039,306.061,576.858,66.5754,269.345,583.118,156.456,248.642,599.897,203.099,236.123,612.914,245.631,257.43,645.202,235.791,267.963,635.853,193.888,281.867,621.758,146.614,170.271,743.258,340.822,139.411,642.145,322.012,157.521,667.778,357.871,1.26148,616.96,285.664,2.05364,626.49,314.914,45.6895,626.064,312.889,46.4887,614.448,284.428
263.662,316.105,36.8926,321.71,327.463,18.3396,292.508,509.503,93.1136,286.653,447.276,73.013,322.822,448.279,34.3879,317.879,517.801,51.3698,239.251,585.865,26.9059,306.059,576.856,66.5781,269.347,583.118,156.459,248.638,599.894,203.1,236.123,612.912,245.634,257.431,645.196,235.795,267.964,635.846,193.891,281.874,621.764,146.626,170.273,743.257,340.829,139.415,642.144,322.01,157.521,667.775,357.873,1.2621,616.959,285.665,2.0556,626.49,314.913,45.6802,626.05,312.889,46.4901,614.445,284.429
263.667,316.119,36.8354,321.711,327.462,18.346,292.51,509.503,93.1153,286.652,447.277,73.0131,322.822,448.278,34.3905,317.878,517.8,51.3705,239.254,585.866,26.9091,306.061,576.858,66.5784,269.348,583.118,156.461,248.635,599.895,203.099,236.13,612.904,245.637,257.431,645.192,235.8,267.964,635.846,193.896,281.868,621.761,146.62,170.275,743.257,340.831,139.416,642.141,322.012,157.522,667.774,357.872,1.26526,616.956,285.667,2.05438,626.488,314.914,45.6906,626.058,312.892,46.4907,614.446,284.429
263.662,316.105,36.8929,321.711,327.463,18.3443,292.509,509.501,93.1186,286.653,447.277,73.0153,322.822,448.28,34.394,317.879,517.801,51.375,239.25,585.864,26.9133,306.061,576.857,66.5824,269.348,583.116,156.462,248.636,599.895,203.102,236.13,612.901,245.641,257.428,645.186,235.81,267.969,635.844,193.902,281.869,621.761,146.621,170.281,743.259,340.835,139.418,642.142,322.01,157.524,667.773,357.874,1.26834,616.954,285.666,2.05677,626.489,314.916,45.6917,626.057,312.895,46.493,614.446,284.431
263.663,316.106,36.8945,321.711,327.461,18.3453,292.51,509.502,93.1206,286.654,447.275,73.0177,322.822,448.279,34.3956,317.879,517.798,51.3764,239.253,585.866,26.9168,306.07,576.862,66.5962,269.35,583.117,156.466,248.637,599.894,203.107,236.132,612.901,245.645,257.429,645.182,235.814,267.969,635.841,193.905,281.875,621.763,146.632,170.281,743.26,340.837,139.419,642.139,322.013,157.524,667.775,357.876,1.2688,616.955,285.669,2.05905,626.485,314.916,45.6893,626.048,312.893,46.4911,614.442,284.435
263.664,316.117,36.8345,321.71,327.46,18.348,292.511,509.503,93.1237,286.652,447.273,73.0182,322.822,448.279,34.4027,317.879,517.798,51.3788,239.257,585.861,26.9187,306.071,576.863,66.6014,269.349,583.113,156.47,248.641,599.891,203.11,236.132,612.9,245.647,257.434,645.184,235.822,267.971,635.839,193.91,281.875,621.763,146.635,170.285,743.263,340.839,139.421,642.141,322.013,157.524,667.776,357.877,1.27203,616.954,285.671,2.06136,626.487,314.92,45.7002,626.058,312.902,46.5007,614.442,284.44
263.662,316.116,36.8305,321.709,327.461,18.3487,292.51,509.504,93.1277,286.65,447.274,73.0212,322.821,448.276,34.4031,317.868,517.793,51.4088,239.261,585.87,26.9202,306.071,576.863,66.6023,269.35,583.114,156.475,248.641,599.898,203.114,236.136,612.904,245.653,257.437,645.184,235.825,267.976,635.842,193.911,281.876,621.758,146.64,170.288,743.266,340.842,139.424,642.14,322.012,157.525,667.778,357.88,1.27114,616.961,285.68,2.06421,626.488,314.921,45.6948,626.046,312.901,46.5035,614.45,284.437
263.663,316.118,36.8338,321.71,327.462,18.3488,292.513,509.5,93.135,286.65,447.272,73.0236,322.822,448.276,34.4073,317.87,517.795,51.4142,239.271,585.876,26.9369,306.075,576.863,66.6074,269.351,583.111,156.476,248.647,599.895,203.116,236.138,612.907,245.653,257.44,645.186,235.827,267.979,635.84,193.918,281.878,621.757,146.631,170.294,743.272,340.844,139.424,642.143,322.013,157.53,667.782,357.881,1.27517,616.961,285.682,2.07282,626.487,314.922,45.6993,626.052,312.901,46.5057,614.448,284.442
263.66,316.117,36.8322,321.71,327.461,18.3506,292.515,509.5,93.1375,286.651,447.274,73.0233,322.825,448.274,34.4127,317.871,517.792,51.4147,239.274,585.871,26.9372,306.077,576.863,66.6114,269.352,583.111,156.481,248.651,599.898,203.12,236.144,612.912,245.658,257.443,645.191,235.829,267.983,635.84,193.919,281.882,621.755,146.633,170.296,743.275,340.845,139.428,642.143,322.014,157.529,667.785,357.88,1.27733,616.962,285.685,2.07729,626.488,314.931,45.703,626.056,312.904,46.5075,614.452,284.441
263.662,316.117,36.8321,321.708,327.466,18.3483,292.515,509.498,93.14,286.651,447.272,73.0267,322.826,448.274,34.4141,317.872,517.793,51.4174,239.281,585.873,26.9408,306.08,576.86,66.6118,269.38,583.098,156.497,248.655,599.906,203.123,236.149,612.921,245.662,257.446,645.194,235.829,267.987,635.842,193.921,281.879,621.751,146.628,170.296,743.28,340.845,139.432,642.142,322.015,157.511,667.765,357.865,1.28156,616.962,285.688,2.0719,626.488,314.932,45.704,626.054,312.906,46.5086,614.453,284.444
263.662,316.108,36.8948,321.708,327.466,18.3476,292.519,509.497,93.1421,286.655,447.27,73.0282,322.835,448.278,34.425,317.873,517.793,51.4194,239.275,585.875,26.9463,306.084,576.859,66.617,269.383,583.101,156.501,248.672,599.908,203.132,236.153,612.926,245.663,257.447,645.202,235.83,267.991,635.847,193.921,281.884,621.752,146.635,170.319,743.297,340.857,139.434,642.143,322.017,157.541,667.795,357.89,1.28225,616.964,285.691,2.07776,626.488,314.935,45.7077,626.063,312.911,46.509,614.459,284.443
263.66,316.105,36.8942,321.71,327.46,18.3544,292.52,509.495,93.1447,286.655,447.271,73.0287,322.851,448.275,34.4436,317.876,517.792,51.4204,239.278,585.88,26.9478,306.087,576.858,66.6187,269.388,583.101,156.503,248.677,599.914,203.134,236.16,612.931,245.666,257.454,645.211,235.819,267.993,635.847,193.922,281.885,621.753,146.637,170.323,743.301,340.86,139.435,642.146,322.018,157.545,667.798,357.889,1.29317,616.963,285.7,2.08162,626.489,314.939,45.711,626.067,312.913,46.4964,614.483,284.432
263.662,316.117,36.8352,321.71,327.459,18.3551,292.542,509.484,93.155,286.656,447.27,73.0309,322.854,448.273,34.4435,317.877,517.792,51.423,239.288,585.879,26.9476,306.089,576.858,66.6218,269.391,583.102,156.506,248.702,599.928,203.164,236.163,612.939,245.666,257.456,645.218,235.82,268.006,635.857,193.92,281.887,621.756,146.636,170.323,743.303,340.86,139.436,642.145,322.02,157.545,667.801,357.889,1.29242,616.966,285.703,2.08192,626.49,314.942,45.7119,626.07,312.917,46.5151,614.463,284.448
263.663,316.118,36.8355,321.722,327.449,18.3613,292.542,509.485,93.1539,286.658,447.271,73.0325,322.855,448.274,34.4483,317.88,517.79,51.424,239.293,585.877,26.9431,305.999,576.874,66.6011,269.397,583.107,156.508,248.709,599.938,203.165,236.169,612.94,245.669,257.457,645.225,235.818,268.006,635.859,193.923,281.885,621.758,146.635,170.326,743.308,340.861,139.438,642.144,322.02,157.546,667.804,357.891,1.293,616.97,285.705,2.0843,626.491,314.946,45.7119,626.073,312.919,46.4976,614.491,284.433
263.664,316.109,36.8971,321.721,327.448,18.365,292.549,509.483,93.1617,286.662,447.269,73.0325,322.856,448.273,34.4498,317.88,517.79,51.4261,239.299,585.883,26.9472,305.999,576.874,66.5991,269.403,583.109,156.511,248.714,599.942,203.165,236.171,612.943,245.671,257.459,645.231,235.817,268.018,635.872,193.92,281.888,621.76,146.635,170.325,743.31,340.861,139.438,642.146,322.02,157.548,667.807,357.889,1.29342,616.97,285.71,2.0825,626.491,314.95,45.7024,626.082,312.943,46.5253,614.471,284.458
263.666,316.12,36.8379,321.72,327.455,18.3621,292.553,509.483,93.1658,286.662,447.271,73.0356,322.858,448.274,34.4504,317.883,517.79,51.4288,239.301,585.885,26.9458,306.093,576.858,66.627,269.408,583.112,156.512,248.717,599.946,203.167,236.192,612.969,245.684,257.455,645.24,235.827,268.02,635.876,193.924,281.888,621.763,146.644,170.326,743.32,340.872,139.439,642.147,322.024,157.55,667.809,357.893,1.29246,616.973,285.712,2.08134,626.495,314.961,45.7012,626.084,312.945,46.5258,614.47,284.465
263.665,316.108,36.8968,321.723,327.455,18.3607,292.558,509.486,93.1676,286.665,447.271,73.0368,322.861,448.273,34.4498,317.885,517.791,51.43,239.302,585.878,26.9432,306.003,576.875,66.6036,269.412,583.118,156.511,248.72,599.95,203.168,236.192,612.973,245.686,257.459,645.238,235.816,268.019,635.881,193.919,281.893,621.771,146.658,170.327,743.322,340.873,139.44,642.148,322.026,157.548,667.811,357.894,1.29166,616.979,285.714,2.0827,626.496,314.965,45.7028,626.089,312.945,46.4964,614.506,284.436
263.663,316.106,36.8978,321.722,327.449,18.3678,292.56,509.487,93.1696,286.665,447.27,73.0381,322.861,448.272,34.452,317.885,517.791,51.4305,239.301,585.879,26.9458,306.001,576.875,66.6025,269.415,583.12,156.514,248.723,599.954,203.171,236.194,612.974,245.688,257.456,645.246,235.826,268.019,635.884,193.918,281.916,621.793,146.67,170.326,743.324,340.874,139.436,642.149,322.026,157.549,667.813,357.895,1.28909,616.981,285.716,2.08167,626.496,314.966,45.6982,626.087,312.948,46.4949,614.503,284.445
263.665,316.119,36.8366,321.72,327.455,18.3632,292.562,509.486,93.1722,286.666,447.268,73.0379,322.861,448.272,34.4524,317.885,517.79,51.431,239.306,585.882,26.9479,306.002,576.877,66.6048,269.417,583.125,156.516,248.723,599.954,203.17,236.183,612.98,245.686,257.454,645.249,235.827,268.017,635.886,193.918,281.916,621.796,146.671,170.325,743.325,340.875,139.437,642.154,322.03,157.549,667.814,357.896,1.28859,616.983,285.717,2.07889,626.497,314.967,45.6994,626.092,312.95,46.6015,614.608,284.5
263.663,316.105,36.896,321.723,327.447,18.367,292.564,509.487,93.1732,286.667,447.268,73.04,322.862,448.271,34.4569,317.886,517.789,51.4333,239.307,585.883,26.9487,306.002,576.878,66.6076,269.417,583.126,156.516,248.723,599.956,203.172,236.183,612.98,245.687,257.454,645.25,235.829,268.017,635.889,193.922,281.916,621.799,146.671,170.323,743.326,340.877,139.434,642.151,322.028,157.545,667.815,357.895,1.27601,616.994,285.706,2.07884,626.499,314.967,45.6962,626.095,312.948,46.606,614.603,284.509
263.666,316.12,36.839,321.721,327.453,18.3663,292.566,509.488,93.1763,286.667,447.268,73.0409,322.862,448.271,34.458,317.887,517.789,51.4338,239.315,585.883,26.9481,306.098,576.86,66.6364,269.419,583.126,156.518,248.722,599.955,203.169,236.182,612.98,245.689,257.452,645.251,235.83,268.015,635.892,193.923,281.923,621.807,146.68,170.321,743.327,340.876,139.431,642.153,322.03,157.542,667.816,357.897,1.25745,616.949,285.713,2.0728,626.5,314.967,45.6924,626.093,312.95,46.5926,614.582,284.513
263.663,316.117,36.8373,321.72,327.452,18.3676,292.567,509.485,93.1782,286.668,447.266,73.0431,322.86,448.269,34.4591,317.886,517.789,51.436,239.312,585.882,26.9498,306.002,576.877,66.6105,269.416,583.128,156.52,248.72,599.955,203.173,236.179,612.978,245.689,257.45,645.249,235.832,268.015,635.89,193.928,281.919,621.805,146.691,170.318,743.327,340.875,139.428,642.154,322.03,157.541,667.817,357.897,1.26813,616.992,285.709,2.07137,626.501,314.967,45.6893,626.098,312.948,46.5925,614.611,284.503
263.665,316.119,36.8388,321.722,327.446,18.3713,292.566,509.483,93.1803,286.666,447.266,73.044,322.862,448.268,34.4602,317.885,517.788,51.4367,239.305,585.878,26.955,305.998,576.877,66.6083,269.412,583.125,156.521,248.717,599.955,203.174,236.176,612.977,245.692,257.448,645.248,235.833,268.005,635.889,193.934,281.92,621.807,146.683,170.315,743.327,340.878,139.428,642.152,322.031,157.54,667.817,357.897,1.26646,616.993,285.709,2.06906,626.501,314.968,45.689,626.099,312.947,46.4854,614.536,284.432
263.662,316.117,36.8369,321.721,327.452,18.3711,292.565,509.483,93.1795,286.665,447.264,73.0451,322.862,448.266,34.4609,317.884,517.787,51.4371,239.311,585.884,26.9565,306.095,576.859,66.6433,269.409,583.124,156.526,248.713,599.952,203.175,236.172,612.974,245.693,257.438,645.243,235.845,267.99,635.88,193.933,281.919,621.804,146.685,170.311,743.327,340.877,139.425,642.155,322.03,157.534,667.817,357.896,1.24447,616.953,285.706,2.06369,626.504,314.963,45.682,626.097,312.946,46.5784,614.592,284.505
263.659,316.104,36.8952,321.72,327.452,18.3715,292.563,509.481,93.1791,286.663,447.264,73.0466,322.861,448.268,34.4668,317.885,517.787,51.4394,239.304,585.878,26.9547,306.094,576.858,66.6453,269.405,583.122,156.527,248.705,599.949,203.177,236.167,612.972,245.693,257.436,645.239,235.846,267.987,635.875,193.935,281.912,621.794,146.674,170.296,743.321,340.873,139.356,642.08,321.996,157.533,667.817,357.897,1.25822,616.996,285.705,2.06074,626.503,314.961,45.6775,626.097,312.943,46.488,614.499,284.45
263.663,316.116,36.8372,321.722,327.446,18.3748,292.56,509.48,93.1813,286.661,447.265,73.0467,322.86,448.268,34.4651,317.883,517.786,51.4389,239.307,585.877,26.9536,305.999,576.877,66.6161,269.399,583.117,156.529,248.696,599.949,203.185,236.144,612.949,245.678,257.434,645.235,235.847,267.983,635.873,193.94,281.888,621.773,146.665,170.293,743.32,340.871,139.35,642.08,321.996,157.528,667.818,357.894,1.253,616.996,285.701,2.05514,626.502,314.959,45.6728,626.098,312.939,46.5777,614.612,284.491
263.659,316.115,36.8348,321.72,327.451,18.3734,292.558,509.48,93.1808,286.659,447.263,73.0468,322.859,448.267,34.4663,317.883,517.786,51.4406,239.307,585.876,26.9548,306.09,576.857,66.6482,269.392,583.111,156.53,248.677,599.94,203.181,236.138,612.946,245.678,257.43,645.231,235.847,267.979,635.864,193.936,281.882,621.762,146.651,170.29,743.32,340.871,139.348,642.083,321.993,157.492,667.828,357.879,1.23457,616.956,285.698,2.0512,626.504,314.954,45.6704,626.099,312.935,46.5702,614.615,284.487
263.661,316.117,36.8374,321.722,327.446,18.3755,292.551,509.479,93.1795,286.656,447.265,73.0469,322.854,448.266,34.4656,317.881,517.787,51.4403,239.303,585.869,26.9513,306.089,576.856,66.6486,269.386,583.106,156.532,248.669,599.929,203.181,236.129,612.942,245.676,257.427,645.226,235.85,267.974,635.857,193.938,281.879,621.756,146.652,170.275,743.32,340.867,139.332,642.096,321.977,157.486,667.826,357.875,1.2457,616.998,285.693,2.03861,626.507,314.946,45.6628,626.1,312.928,46.5699,614.613,284.485
263.658,316.114,36.8356,321.718,327.452,18.3716,292.547,509.481,93.1778,286.653,447.264,73.0462,322.855,448.267,34.4671,317.837,517.717,51.389,239.295,585.877,26.9606,306.087,576.854,66.6478,269.351,583.112,156.518,248.638,599.914,203.152,236.124,612.938,245.676,257.423,645.22,235.851,267.972,635.854,193.937,281.877,621.748,146.656,170.269,743.319,340.865,139.325,642.094,321.968,157.48,667.826,357.87,1.24299,617,285.688,2.04001,626.506,314.943,45.6608,626.098,312.925,46.5616,614.614,284.477
263.658,316.115,36.8353,321.719,327.452,18.3717,292.522,509.488,93.1698,286.653,447.264,73.0455,322.852,448.269,34.4666,317.84,517.728,51.3964,239.3,585.874,26.9482,306.083,576.855,66.6461,269.344,583.1,156.523,248.627,599.913,203.154,236.116,612.936,245.672,257.42,645.218,235.851,267.949,635.836,193.947,281.877,621.743,146.659,170.265,743.319,340.862,139.318,642.096,321.968,157.472,667.825,357.868,1.23635,617,285.684,2.03477,626.509,314.937,45.6544,626.098,312.917,46.5567,614.613,284.471
263.659,316.116,36.835,321.718,327.452,18.3713,292.51,509.487,93.1657,286.648,447.264,73.0451,322.852,448.269,34.4671,317.874,517.787,51.4386,239.298,585.88,26.9519,306.083,576.856,66.6451,269.335,583.095,156.522,248.62,599.907,203.151,236.108,612.933,245.671,257.415,645.214,235.849,267.942,635.832,193.943,281.872,621.738,146.66,170.261,743.317,340.858,139.303,642.08,321.953,157.466,667.823,357.861,1.22834,617,285.672,2.00493,626.511,314.92,45.6291,626.097,312.898,46.5516,614.614,284.468
263.658,316.116,36.835,321.717,327.453,18.3706,292.504,509.489,93.1646,286.649,447.266,73.0414,322.851,448.269,34.4644,317.872,517.788,51.4379,239.299,585.873,26.9434,306.081,576.857,66.6424,269.329,583.09,156.52,248.613,599.905,203.149,236.1,612.93,245.667,257.411,645.209,235.848,267.94,635.827,193.942,281.869,621.733,146.657,170.255,743.315,340.856,139.378,642.173,321.991,157.457,667.82,357.852,1.21976,617.004,285.663,2.00096,626.509,314.912,45.6176,626.103,312.891,46.547,614.614,284.462
263.658,316.116,36.8342,321.717,327.453,18.3687,292.502,509.491,93.1605,286.647,447.268,73.0413,322.85,448.274,34.4619,317.836,517.732,51.3926,239.295,585.873,26.9392,306.08,576.859,66.6372,269.312,583.088,156.515,248.605,599.904,203.144,236.095,612.93,245.664,257.408,645.209,235.847,267.935,635.825,193.934,281.869,621.734,146.658,170.25,743.315,340.853,139.268,642.08,321.908,157.449,667.816,357.849,1.2162,617.001,285.66,1.99905,626.501,314.903,45.6081,626.1,312.887,46.5401,614.613,284.456
263.66,316.12,36.8339,321.717,327.454,18.3697,292.499,509.493,93.1591,286.645,447.271,73.0384,322.847,448.272,34.4636,317.833,517.732,51.3889,239.295,585.879,26.9334,306.077,576.86,66.6357,269.303,583.085,156.504,248.595,599.901,203.138,236.09,612.931,245.66,257.405,645.207,235.845,267.933,635.822,193.933,281.892,621.688,146.68,170.248,743.315,340.849,139.258,642.076,321.899,157.426,667.796,357.824,1.21284,617.002,285.657,1.98998,626.508,314.888,45.6034,626.1,312.881,46.536,614.618,284.449
263.656,316.105,36.892,321.709,327.458,18.3626,292.496,509.493,93.1547,286.643,447.271,73.0356,322.844,448.274,34.4565,317.867,517.791,51.4264,239.284,585.885,26.9286,306.075,576.86,66.6296,269.294,583.077,156.5,248.58,599.899,203.128,236.086,612.929,245.655,257.399,645.208,235.84,267.927,635.821,193.927,281.891,621.688,146.679,170.233,743.302,340.838,139.341,642.176,321.936,157.441,667.814,357.837,1.20428,617.004,285.652,1.98308,626.508,314.895,45.5953,626.099,312.876,46.5321,614.618,284.447
263.656,316.119,36.8311,321.708,327.459,18.3608,292.495,509.496,93.1493,286.642,447.274,73.0339,322.846,448.276,34.4556,317.831,517.735,51.3845,239.283,585.884,26.9249,306.072,576.862,66.6231,269.297,583.096,156.49,248.577,599.907,203.123,236.076,612.927,245.649,257.398,645.209,235.835,267.91,635.826,193.912,281.864,621.733,146.65,170.227,743.3,340.831,139.336,642.179,321.931,157.439,667.813,357.834,1.1998,617.006,285.648,1.98402,626.509,314.882,45.5904,626.102,312.87,46.5256,614.622,284.439
263.656,316.122,36.8337,321.704,327.465,18.3578,292.493,509.499,93.143,286.639,447.28,73.0388,322.835,448.273,34.4412,317.865,517.792,51.422,239.279,585.886,26.9222,306.069,576.865,66.6207,269.293,583.101,156.483,248.574,599.908,203.117,236.064,612.94,245.641,257.393,645.211,235.831,267.905,635.828,193.907,281.854,621.734,146.635,170.225,743.299,340.829,139.24,642.081,321.88,157.436,667.812,357.83,1.19757,617.005,285.646,1.98107,626.507,314.879,45.5891,626.1,312.868,46.5231,614.622,284.436
263.654,316.118,36.8301,321.704,327.459,18.3584,292.491,509.5,93.1395,286.639,447.278,73.0281,322.817,448.278,34.419,317.827,517.737,51.3785,239.272,585.876,26.9033,306.063,576.866,66.6131,269.294,583.106,156.479,248.572,599.911,203.113,236.062,612.941,245.635,257.389,645.214,235.825,267.901,635.831,193.903,281.858,621.744,146.638,170.204,743.296,340.809,139.238,642.069,321.87,157.43,667.811,357.822,1.19311,617.006,285.643,1.97687,626.508,314.876,45.5781,626.109,312.855,46.5191,614.622,284.434
263.653,316.121,36.8296,321.708,327.46,18.3588,292.492,509.503,93.1363,286.639,447.278,73.0255,322.818,448.281,34.4179,317.825,517.738,51.3723,239.264,585.881,26.9009,306.06,576.87,66.6064,269.293,583.11,156.473,248.572,599.915,203.107,236.05,612.943,245.626,257.387,645.219,235.82,267.897,635.837,193.895,281.847,621.748,146.622,170.202,743.297,340.806,139.316,642.18,321.908,157.427,667.812,357.819,1.18955,617.008,285.642,1.97258,626.511,314.873,45.5814,626.105,312.862,46.5131,614.625,284.429
263.653,316.12,36.829,321.702,327.468,18.3527,292.489,509.505,93.1306,286.638,447.282,73.0233,322.813,448.282,34.4125,317.816,517.729,51.3633,239.259,585.874,26.8957,306.057,576.872,66.6049,269.297,583.121,156.467,248.573,599.921,203.103,236.045,612.949,245.617,257.385,645.224,235.816,267.893,635.844,193.889,281.855,621.76,146.63,170.198,743.298,340.803,139.316,642.185,321.907,157.424,667.811,357.815,1.18656,617.01,285.641,1.9667,626.512,314.869,45.5672,626.101,312.841,46.5114,614.626,284.425
263.657,316.124,36.8317,321.705,327.462,18.3551,292.489,509.505,93.1286,286.636,447.283,73.022,322.81,448.285,34.4078,317.813,517.73,51.3604,239.256,585.878,26.8898,306.05,576.873,66.5994,269.299,583.128,156.464,248.574,599.927,203.099,236.043,612.953,245.613,257.38,645.23,235.811,267.888,635.852,193.882,281.794,621.892,146.374,170.157,743.312,340.785,139.31,642.187,321.9,157.422,667.812,357.813,1.18462,617.012,285.641,1.97412,626.504,314.856,45.5668,626.115,312.85,46.5068,614.628,284.425
263.652,316.12,36.8279,321.703,327.464,18.353,292.486,509.509,93.1239,286.636,447.283,73.0203,322.808,448.285,34.4039,317.78,517.934,51.4717,239.253,585.879,26.8845,306.034,576.878,66.593,269.301,583.136,156.461,248.576,599.935,203.098,236.043,612.957,245.611,257.377,645.238,235.806,267.882,635.861,193.875,281.79,621.898,146.368,170.152,743.315,340.783,139.31,642.186,321.906,157.421,667.814,357.812,1.18188,617.016,285.641,1.96652,626.526,314.871,45.559,626.12,312.847,46.5014,614.628,284.424
263.651,316.122,36.8282,321.701,327.467,18.351,292.486,509.51,93.123,286.588,447.27,72.9528,322.805,448.285,34.4036,317.734,517.867,51.4216,239.239,585.875,26.8873,306.022,576.873,66.5779,269.314,583.147,156.458,248.578,599.942,203.096,236.043,612.961,245.61,257.376,645.244,235.802,267.879,635.869,193.87,281.793,621.911,146.377,170.151,743.316,340.783,139.22,642.086,321.856,157.418,667.815,357.809,1.17843,617.018,285.645,1.96364,626.529,314.88,45.5495,626.146,312.85,46.5018,614.633,284.423
263.651,316.12,36.8282,321.703,327.463,18.353,292.484,509.51,93.1237,286.584,447.269,72.9511,322.8,448.286,34.4009,317.728,517.872,51.4174,239.236,585.876,26.8863,306.015,576.875,66.5777,269.314,583.153,156.458,248.577,599.951,203.095,236.041,612.968,245.609,257.37,645.253,235.798,267.869,635.879,193.861,281.792,621.912,146.376,170.145,743.318,340.781,139.213,642.086,321.853,157.417,667.817,357.807,1.17745,617.02,285.649,1.96259,626.532,314.881,45.5415,626.15,312.852,46.4976,614.637,284.424
263.65,316.121,36.8298,321.702,327.463,18.3534,292.479,509.511,93.1245,286.582,447.268,72.9522,322.795,448.286,34.3994,317.725,517.865,51.4183,239.225,585.872,26.8872,306.011,576.875,66.5763,269.314,583.159,156.458,248.577,599.956,203.094,236.041,612.972,245.609,257.373,645.263,235.801,267.883,635.901,193.85,281.791,621.915,146.377,170.143,743.323,340.78,139.211,642.091,321.855,157.415,667.82,357.808,1.17461,617.022,285.65,1.96126,626.533,314.886,45.5425,626.153,312.853,46.4983,614.638,284.426
263.648,316.119,36.8275,321.702,327.463,18.3554,292.477,509.51,93.1251,286.58,447.268,72.9528,322.793,448.29,34.401,317.719,517.871,51.4167,239.221,585.874,26.8844,306.007,576.875,66.5807,269.315,583.165,156.457,248.58,599.964,203.099,236.043,612.98,245.609,257.37,645.272,235.798,267.877,635.911,193.848,281.79,621.917,146.378,170.138,743.327,340.78,139.208,642.101,321.863,157.413,667.829,357.808,1.15778,617.031,285.65,1.95737,626.537,314.885,45.5339,626.156,312.853,46.4973,614.64,284.428
263.648,316.12,36.8297,321.7,327.462,18.3575,292.472,509.511,93.1282,286.575,447.268,72.9554,322.79,448.289,34.4059,317.716,517.87,51.4174,239.215,585.873,26.8875,306.006,576.882,66.5924,269.301,583.166,156.456,248.58,599.97,203.101,236.042,612.984,245.613,257.367,645.279,235.798,267.871,635.916,193.846,281.788,621.919,146.378,170.132,743.331,340.779,139.204,642.107,321.866,157.409,667.83,357.81,1.1555,617.035,285.651,1.95513,626.535,314.883,45.5319,626.16,312.85,46.419,614.538,284.383
263.646,316.119,36.8288,321.7,327.462,18.3589,292.468,509.513,93.135,286.57,447.267,72.9583,322.785,448.287,34.4099,317.713,517.87,51.4185,239.21,585.871,26.8912,306.001,576.882,66.5949,269.29,583.175,156.45,248.58,599.976,203.104,236.041,612.99,245.617,257.363,645.287,235.798,267.844,635.91,193.85,281.785,621.92,146.378,170.126,743.334,340.778,139.198,642.109,321.868,157.406,667.834,357.81,1.15325,617.037,285.65,1.95445,626.54,314.883,45.5179,626.158,312.854,46.4893,614.644,284.421
263.641,316.115,36.8261,321.699,327.462,18.3606,292.449,509.51,93.1693,286.565,447.267,72.9606,322.782,448.287,34.4141,317.708,517.869,51.4196,239.197,585.869,26.897,305.998,576.883,66.6027,269.288,583.179,156.455,248.58,599.981,203.107,236.041,612.995,245.62,257.359,645.295,235.801,267.835,635.913,193.845,281.782,621.922,146.379,170.118,743.338,340.781,139.194,642.115,321.874,157.401,667.838,357.812,1.14311,617.042,285.647,1.94637,626.539,314.888,45.5139,626.162,312.854,46.4871,614.646,284.423
263.642,316.114,36.8247,321.699,327.462,18.365,292.444,509.507,93.174,286.562,447.266,72.9645,322.77,448.283,34.4156,317.703,517.869,51.4231,239.199,585.87,26.9009,305.99,576.879,66.6036,269.282,583.18,156.459,248.568,599.989,203.108,236.04,613,245.623,257.355,645.301,235.8,267.83,635.919,193.846,281.78,621.922,146.38,170.11,743.341,340.779,139.187,642.118,321.872,157.398,667.84,357.813,1.13966,617.045,285.645,1.94231,626.541,314.887,45.5082,626.163,312.854,46.4067,614.546,284.382
263.639,316.114,36.8253,321.696,327.465,18.365,292.439,509.506,93.1771,286.554,447.264,72.9679,322.766,448.28,34.4228,317.701,517.869,51.4252,239.17,585.865,26.9119,305.976,576.885,66.6226,269.272,583.21,156.458,248.563,599.992,203.109,236.041,613.002,245.628,257.35,645.305,235.803,267.828,635.921,193.853,281.775,621.921,146.378,170.104,743.344,340.781,139.17,642.144,321.871,157.395,667.853,357.818,1.13472,617.049,285.647,1.93891,626.544,314.885,45.5015,626.166,312.855,46.3903,614.542,284.382
263.638,316.112,36.8266,321.697,327.46,18.3672,292.434,509.507,93.1817,286.596,447.284,73.0456,322.763,448.28,34.4307,317.697,517.869,51.4267,239.17,585.866,26.9165,305.973,576.886,66.6278,269.267,583.21,156.464,248.56,599.994,203.115,236.034,613.017,245.629,257.346,645.309,235.806,267.819,635.92,193.849,281.772,621.921,146.378,170.099,743.349,340.786,139.173,642.15,321.866,157.391,667.857,357.821,1.12962,617.052,285.647,1.93211,626.547,314.884,45.4978,626.17,312.857,46.355,614.567,284.356
263.636,316.112,36.8238,321.697,327.459,18.3689,292.43,509.506,93.1868,286.547,447.263,72.9756,322.766,448.28,34.4392,317.695,517.868,51.4294,239.166,585.867,26.9217,305.971,576.884,66.6335,269.26,583.209,156.469,248.556,599.994,203.119,236.023,613.018,245.633,257.34,645.311,235.807,267.817,635.923,193.853,281.769,621.92,146.378,170.092,743.35,340.787,139.169,642.151,321.87,157.383,667.856,357.827,1.12186,617.051,285.645,1.92997,626.546,314.885,45.491,626.171,312.857,46.387,614.547,284.391
263.636,316.111,36.8265,321.696,327.459,18.3695,292.426,509.504,93.1908,286.588,447.284,73.0554,322.763,448.279,34.4419,317.686,517.871,51.4287,239.163,585.864,26.9247,305.969,576.884,66.6394,269.253,583.207,156.473,248.552,599.993,203.125,236.019,613.017,245.636,257.339,645.309,235.812,267.813,635.922,193.86,281.767,621.919,146.378,170.085,743.351,340.79,139.165,642.149,321.876,157.381,667.858,357.829,1.11892,617.052,285.645,1.92512,626.548,314.884,45.487,626.173,312.856,46.4545,614.651,284.426
263.63,316.109,36.821,321.695,327.462,18.3713,292.422,509.503,93.1939,286.586,447.284,73.0578,322.761,448.28,34.4466,317.693,517.861,51.4354,239.159,585.863,26.9329,305.966,576.883,66.6433,269.249,583.206,156.477,248.54,599.998,203.139,236.015,613.017,245.64,257.333,645.307,235.817,267.809,635.919,193.864,281.763,621.917,146.377,170.082,743.352,340.793,139.161,642.153,321.878,157.377,667.86,357.832,1.11759,617.054,285.647,1.92307,626.55,314.883,45.4856,626.175,312.856,46.4503,614.653,284.426
263.629,316.108,36.8212,321.696,327.458,18.3722,292.42,509.5,93.1989,286.587,447.282,73.0582,322.76,448.278,34.4469,317.692,517.861,51.4375,239.165,585.863,26.9339,305.966,576.883,66.6503,269.242,583.202,156.48,248.533,599.993,203.143,236.01,613.012,245.645,257.33,645.303,235.823,267.806,635.914,193.869,281.762,621.916,146.376,170.078,743.352,340.798,139.158,642.152,321.882,157.375,667.861,357.835,1.11416,617.054,285.647,1.91809,626.549,314.883,45.4836,626.171,312.862,46.3781,614.548,284.386
263.629,316.106,36.819,321.696,327.458,18.37,292.419,509.5,93.2046,286.584,447.283,73.0611,322.76,448.276,34.4515,317.684,517.864,51.4379,239.161,585.868,26.9362,305.968,576.884,66.6563,269.239,583.199,156.486,248.526,599.986,203.146,236.005,613.008,245.648,257.328,645.296,235.827,267.804,635.907,193.874,281.757,621.914,146.374,170.074,743.35,340.802,139.156,642.154,321.883,157.361,667.854,357.841,1.11319,617.053,285.647,1.91766,626.548,314.883,45.4815,626.172,312.858,46.4477,614.647,284.429
263.626,316.105,36.8192,321.696,327.458,18.3731,292.414,509.5,93.2151,286.585,447.281,73.0634,322.761,448.276,34.4557,317.691,517.86,51.4413,239.161,585.866,26.9432,305.966,576.881,66.6576,269.245,583.154,156.501,248.519,599.979,203.149,236.003,612.992,245.648,257.319,645.287,235.86,267.803,635.9,193.879,281.753,621.919,146.376,170.072,743.349,340.803,139.154,642.153,321.887,157.36,667.855,357.844,1.11233,617.051,285.645,1.91425,626.546,314.881,45.4804,626.168,312.861,46.4468,614.649,284.426
263.627,316.107,36.8193,321.697,327.458,18.373,292.413,509.5,93.2143,286.585,447.278,73.0647,322.763,448.275,34.4584,317.694,517.86,51.4426,239.165,585.866,26.9458,305.967,576.881,66.6628,269.242,583.151,156.506,248.514,599.971,203.152,235.998,612.985,245.651,257.318,645.276,235.864,267.804,635.896,193.888,281.756,621.911,146.375,170.071,743.35,340.806,139.149,642.155,321.887,157.357,667.853,357.844,1.11166,617.049,285.642,1.91247,626.546,314.88,45.4803,626.17,312.862,46.4462,614.646,284.427
263.629,316.106,36.8196,321.697,327.457,18.3728,292.415,509.498,93.2204,286.586,447.278,73.0655,322.764,448.272,34.4574,317.695,517.859,51.4463,239.17,585.871,26.9505,305.97,576.879,66.6651,269.232,583.14,156.505,248.509,599.965,203.153,235.994,612.978,245.653,257.318,645.266,235.869,267.804,635.886,193.89,281.753,621.915,146.377,170.05,743.337,340.803,139.156,642.152,321.918,157.357,667.853,357.846,1.11324,617.047,285.642,1.91337,626.548,314.878,45.4776,626.167,312.86,46.372,614.594,284.375
263.631,316.106,36.818,321.697,327.458,18.3724,292.418,509.499,93.2203,286.591,447.276,73.0651,322.767,448.273,34.4596,317.696,517.859,51.4455,239.171,585.869,26.9519,305.973,576.878,66.6665,269.231,583.138,156.509,248.501,599.956,203.149,235.991,612.973,245.654,257.312,645.255,235.865,267.805,635.879,193.897,281.753,621.912,146.376,170.05,743.333,340.803,139.148,642.15,321.885,157.356,667.85,357.845,1.11267,617.047,285.639,1.91284,626.547,314.873,45.4782,626.165,312.86,46.4502,614.649,284.431
263.636,316.109,36.8231,321.697,327.456,18.3715,292.427,509.497,93.2138,286.59,447.278,73.065,322.77,448.271,34.4628,317.764,517.726,51.4035,239.174,585.869,26.9519,305.978,576.878,66.6702,269.23,583.131,156.51,248.5,599.949,203.152,235.992,612.969,245.652,257.321,645.248,235.876,267.811,635.873,193.903,281.759,621.905,146.375,170.051,743.331,340.803,139.14,642.141,321.9,157.354,667.846,357.848,1.11056,617.046,285.638,1.91186,626.544,314.875,45.48,626.165,312.86,46.4471,614.645,284.426
263.629,316.107,36.8192,321.699,327.457,18.3721,292.434,509.497,93.2139,286.605,447.276,73.0716,322.773,448.272,34.4615,317.776,517.731,51.4262,239.183,585.869,26.9513,305.984,576.875,66.6709,269.224,583.119,156.512,248.502,599.945,203.157,235.99,612.964,245.651,257.324,645.24,235.88,267.813,635.861,193.924,281.76,621.903,146.375,170.052,743.326,340.798,139.149,642.14,321.885,157.354,667.845,357.846,1.11241,617.045,285.635,1.91206,626.542,314.873,45.4627,626.208,312.912,46.448,614.648,284.423
263.632,316.108,36.8189,321.699,327.458,18.37,292.438,509.494,93.2124,286.61,447.275,73.0712,322.775,448.271,34.457,317.781,517.731,51.4247,239.208,585.863,26.9493,305.989,576.872,66.6684,269.226,583.115,156.515,248.504,599.938,203.157,235.992,612.962,245.652,257.325,645.233,235.881,267.823,635.853,193.936,281.762,621.893,146.38,170.043,743.316,340.795,139.149,642.135,321.883,157.353,667.839,357.843,1.11371,617.044,285.634,1.91108,626.543,314.869,45.4804,626.16,312.859,46.449,614.642,284.425
263.638,316.111,36.8222,321.698,327.463,18.3672,292.443,509.493,93.2084,286.606,447.274,73.0623,322.784,448.271,34.4588,317.779,517.723,51.4015,239.217,585.867,26.9426,305.995,576.873,66.6697,269.229,583.11,156.515,248.505,599.933,203.155,235.992,612.96,245.651,257.323,645.228,235.879,267.833,635.843,193.938,281.766,621.89,146.381,170.044,743.312,340.795,139.152,642.132,321.882,157.355,667.835,357.844,1.11612,617.041,285.634,1.90579,626.536,314.871,45.481,626.157,312.859,46.4496,614.639,284.424
263.64,316.113,36.8229,321.702,327.456,18.3691,292.45,509.492,93.2093,286.61,447.272,73.0583,322.787,448.271,34.4548,317.785,517.723,51.4009,239.229,585.864,26.9401,306.002,576.871,66.6697,269.234,583.104,156.515,248.51,599.928,203.157,235.996,612.95,245.655,257.323,645.218,235.879,267.836,635.84,193.939,281.769,621.889,146.383,170.048,743.306,340.796,139.166,642.102,321.882,157.355,667.82,357.836,1.11525,617.04,285.633,1.90819,626.534,314.874,45.4655,626.202,312.911,46.3798,614.535,284.382
263.641,316.112,36.8221,321.7,327.462,18.3647,292.455,509.491,93.2057,286.615,447.274,73.0579,322.798,448.271,34.4527,317.79,517.721,51.3982,239.23,585.863,26.9424,306.018,576.864,66.654,269.238,583.101,156.512,248.513,599.927,203.154,236,612.949,245.654,257.32,645.207,235.872,267.842,635.833,193.928,281.771,621.887,146.381,170.051,743.301,340.795,139.168,642.096,321.881,157.355,667.815,357.832,1.11748,617.04,285.631,1.91131,626.533,314.874,45.4857,626.153,312.857,46.4534,614.64,284.422
263.645,316.115,36.8232,321.701,327.458,18.3641,292.459,509.489,93.2036,286.621,447.272,73.0543,322.805,448.273,34.4518,317.796,517.721,51.3929,239.241,585.865,26.935,306.026,576.861,66.653,269.246,583.098,156.513,248.519,599.928,203.153,236.003,612.949,245.648,257.329,645.216,235.879,267.852,635.839,193.927,281.775,621.886,146.382,170.054,743.297,340.795,139.161,642.091,321.888,157.356,667.812,357.832,1.12046,617.039,285.629,1.9097,626.533,314.873,45.4881,626.15,312.856,46.456,614.639,284.424
263.648,316.114,36.8265,321.702,327.463,18.3622,292.466,509.489,93.2027,286.625,447.273,73.0555,322.81,448.272,34.4488,317.801,517.722,51.393,239.262,585.873,26.9433,306.034,576.86,66.6538,269.268,583.109,156.516,248.526,599.923,203.154,236.007,612.948,245.648,257.326,645.207,235.87,267.856,635.838,193.925,281.778,621.886,146.382,170.068,743.297,340.797,139.17,642.088,321.877,157.359,667.805,357.832,1.12284,617.031,285.63,1.91858,626.536,314.87,45.4957,626.16,312.857,46.4547,614.636,284.423
263.65,316.115,36.83,321.702,327.462,18.3617,292.472,509.49,93.2033,286.63,447.272,73.0537,322.826,448.269,34.4619,317.807,517.721,51.3923,239.273,585.878,26.9417,306.039,576.858,66.6531,269.277,583.111,156.516,248.533,599.925,203.153,236.009,612.947,245.649,257.336,645.222,235.875,267.86,635.84,193.923,281.831,621.749,146.66,170.059,743.288,340.795,139.165,642.081,321.887,157.36,667.801,357.832,1.12557,617.03,285.628,1.9113,626.521,314.871,45.4922,626.146,312.856,46.4576,614.634,284.424
263.653,316.102,36.8891,321.706,327.457,18.3657,292.477,509.486,93.1974,286.636,447.271,73.0544,322.829,448.27,34.4607,317.813,517.72,51.3926,239.275,585.871,26.9379,306.055,576.855,66.6562,269.283,583.111,156.514,248.549,599.926,203.15,236.015,612.947,245.647,257.341,645.225,235.873,267.865,635.841,193.924,281.79,621.888,146.392,170.075,743.289,340.798,139.174,642.081,321.875,157.362,667.799,357.831,1.12579,617.031,285.628,1.91522,626.519,314.868,45.4988,626.157,312.86,46.459,614.634,284.424
263.654,316.116,36.832,321.703,327.463,18.3626,292.483,509.486,93.1982,286.64,447.273,73.0524,322.84,448.273,34.4674,317.816,517.719,51.3918,239.279,585.872,26.9369,306.06,576.855,66.6572,269.29,583.114,156.513,248.558,599.918,203.136,236.018,612.947,245.646,257.342,645.226,235.872,267.869,635.844,193.923,281.839,621.752,146.652,170.075,743.285,340.8,139.177,642.077,321.877,157.363,667.796,357.833,1.12764,617.032,285.627,1.92465,626.523,314.866,45.5018,626.158,312.858,46.4611,614.636,284.423
263.655,316.115,36.8316,321.715,327.451,18.3693,292.487,509.486,93.1985,286.641,447.271,73.0536,322.844,448.271,34.4706,317.817,517.72,51.3912,239.289,585.871,26.9355,306.063,576.855,66.6554,269.295,583.115,156.513,248.563,599.92,203.137,236.023,612.948,245.648,257.346,645.227,235.873,267.872,635.847,193.923,281.846,621.753,146.662,170.078,743.283,340.801,139.172,642.072,321.887,157.367,667.793,357.831,1.12956,617.031,285.625,1.93062,626.508,314.854,45.4957,626.14,312.86,46.4641,614.633,284.426
263.654,316.115,36.8307,321.718,327.447,18.3731,292.492,509.487,93.201,286.643,447.27,73.0545,322.846,448.274,34.473,317.82,517.718,51.3918,239.286,585.871,26.9401,306.065,576.855,66.6563,269.299,583.117,156.512,248.568,599.926,203.137,236.026,612.949,245.648,257.348,645.23,235.874,267.874,635.851,193.923,281.846,621.758,146.659,170.079,743.279,340.803,139.173,642.068,321.892,157.367,667.792,357.835,1.13071,617.031,285.626,1.92035,626.515,314.869,45.4959,626.141,312.859,46.4615,614.632,284.424
263.656,316.116,36.832,321.716,327.452,18.3712,292.494,509.486,93.2019,286.646,447.27,73.0547,322.846,448.271,34.4675,317.822,517.72,51.392,239.29,585.874,26.938,306.065,576.855,66.6578,269.304,583.119,156.513,248.572,599.924,203.139,236.033,612.948,245.653,257.354,645.231,235.879,267.876,635.851,193.924,281.797,621.894,146.393,170.07,743.274,340.803,139.184,642.07,321.881,157.37,667.79,357.836,1.13026,617.03,285.628,1.92638,626.523,314.868,45.5064,626.152,312.863,46.4643,614.634,284.423
263.655,316.103,36.8923,321.708,327.456,18.3657,292.506,509.493,93.1773,286.647,447.27,73.0558,322.847,448.272,34.4688,317.824,517.718,51.3949,239.297,585.872,26.9411,306.066,576.854,66.6576,269.308,583.123,156.514,248.575,599.924,203.14,236.036,612.949,245.654,257.351,645.231,235.875,267.877,635.854,193.923,281.798,621.898,146.387,170.071,743.273,340.806,139.175,642.066,321.894,157.369,667.788,357.839,1.1333,617.032,285.626,1.92947,626.522,314.869,45.5008,626.139,312.862,46.465,614.632,284.424
263.657,316.116,36.8335,321.709,327.456,18.3654,292.502,509.486,93.2101,286.648,447.27,73.0576,322.846,448.273,34.4733,317.825,517.719,51.3951,239.29,585.874,26.9447,306.067,576.855,66.6596,269.311,583.126,156.515,248.579,599.928,203.145,236.041,612.949,245.66,257.353,645.234,235.877,267.878,635.856,193.929,281.848,621.765,146.652,170.074,743.272,340.811,139.187,642.071,321.887,157.374,667.788,357.843,1.13463,617.03,285.628,1.93229,626.52,314.87,45.5013,626.139,312.863,46.4656,614.629,284.427
263.655,316.102,36.8913,321.716,327.451,18.3699,292.501,509.485,93.2126,286.646,447.269,73.0613,322.849,448.27,34.4755,317.832,517.729,51.4056,239.291,585.879,26.9549,306.069,576.855,66.6644,269.324,583.128,156.524,248.581,599.926,203.147,236.047,612.949,245.663,257.353,645.234,235.88,267.879,635.858,193.929,281.803,621.897,146.398,170.075,743.271,340.813,139.191,642.061,321.936,157.374,667.789,357.846,1.13615,617.031,285.629,1.93239,626.522,314.87,45.502,626.14,312.861,46.4783,614.63,284.428
263.656,316.114,36.8346,321.718,327.445,18.3763,292.499,509.481,93.2152,286.654,447.271,73.0713,322.851,448.271,34.4829,317.833,517.725,51.422,239.294,585.875,26.9551,306.068,576.854,66.6678,269.31,583.123,156.522,248.581,599.926,203.149,236.047,612.947,245.668,257.355,645.232,235.883,267.878,635.856,193.931,281.797,621.899,146.389,170.072,743.271,340.816,139.2,642.069,321.927,157.373,667.787,357.849,1.13646,617.029,285.63,1.94225,626.511,314.856,45.5027,626.136,312.868,46.4797,614.63,284.43
263.656,316.114,36.8347,321.716,327.449,18.3729,292.497,509.486,93.2216,286.654,447.269,73.0737,322.848,448.27,34.4827,317.833,517.723,51.4241,239.287,585.878,26.9645,306.068,576.854,66.6731,269.321,583.126,156.528,248.581,599.923,203.153,236.048,612.946,245.671,257.355,645.231,235.886,267.879,635.855,193.937,281.848,621.771,146.672,170.074,743.271,340.82,139.199,642.072,321.929,157.377,667.78,357.885,1.13776,617.029,285.632,1.93494,626.526,314.875,45.5029,626.136,312.866,46.481,614.626,284.432
263.656,316.114,36.8333,321.718,327.449,18.3752,292.497,509.48,93.2211,286.654,447.267,73.0739,322.846,448.266,34.4852,317.831,517.722,51.426,239.284,585.873,26.9707,306.067,576.852,66.6756,269.308,583.121,156.53,248.581,599.921,203.157,236.049,612.945,245.67,257.355,645.227,235.89,267.88,635.854,193.942,281.851,621.767,146.684,170.075,743.273,340.821,139.197,642.063,321.955,157.377,667.782,357.888,1.13936,617.027,285.631,1.93858,626.527,314.877,45.5199,626.127,312.866,46.4863,614.627,284.434
263.655,316.101,36.8926,321.72,327.442,18.3766,292.493,509.48,93.2285,286.65,447.266,73.0757,322.848,448.265,34.4899,317.83,517.722,51.4294,239.285,585.868,26.9742,306.069,576.85,66.6819,269.305,583.117,156.531,248.58,599.919,203.162,236.055,612.941,245.679,257.356,645.223,235.895,267.879,635.85,193.947,281.796,621.894,146.397,170.075,743.273,340.825,139.202,642.065,321.962,157.376,667.782,357.89,1.14087,617.027,285.633,1.93795,626.518,314.875,45.5169,626.113,312.869,46.4921,614.625,284.44
263.656,316.11,36.8364,321.718,327.448,18.3771,292.49,509.48,93.2321,286.649,447.265,73.0795,322.846,448.264,34.4928,317.829,517.72,51.4334,239.287,585.868,26.972,306.067,576.849,66.6844,269.302,583.102,156.542,248.577,599.916,203.165,235.855,612.934,245.591,257.35,645.204,235.926,267.877,635.84,193.966,281.844,621.754,146.669,170.076,743.273,340.827,139.199,642.063,321.964,157.38,667.783,357.896,1.14744,617.024,285.633,1.93942,626.519,314.876,45.5232,626.125,312.869,46.4928,614.622,284.441
263.654,316.1,36.8907,321.72,327.447,18.3761,292.489,509.479,93.2346,286.649,447.265,73.0821,322.847,448.264,34.4982,317.829,517.719,51.4367,239.284,585.871,26.9788,306.069,576.849,66.6897,269.298,583.089,156.548,248.577,599.911,203.17,236.053,612.937,245.686,257.351,645.201,235.927,267.879,635.836,193.97,281.844,621.739,146.738,170.075,743.274,340.828,139.212,642.07,321.958,157.38,667.784,357.898,1.14449,617.026,285.632,1.93985,626.519,314.877,45.5204,626.104,312.879,46.4936,614.625,284.438
263.656,316.111,36.836,321.719,327.447,18.3792,292.486,509.476,93.2355,286.648,447.262,73.0809,322.847,448.263,34.4998,317.828,517.717,51.4386,239.284,585.871,26.9891,306.069,576.847,66.6915,269.293,583.085,156.549,248.568,599.911,203.192,236.064,612.925,245.694,257.353,645.197,235.933,267.879,635.83,193.973,281.842,621.735,146.738,170.076,743.272,340.833,139.209,642.067,321.954,157.379,667.784,357.901,1.14973,617.022,285.633,1.943,626.517,314.876,45.521,626.105,312.877,46.4945,614.621,284.441
263.656,316.11,36.8335,321.718,327.447,18.3785,292.485,509.475,93.2382,286.647,447.261,73.083,322.847,448.262,34.5003,317.827,517.716,51.4411,239.277,585.867,26.9889,306.069,576.845,66.6952,269.289,583.08,156.553,248.565,599.91,203.196,236.062,612.922,245.695,257.352,645.191,235.935,267.874,635.82,193.982,281.841,621.732,146.739,170.077,743.271,340.834,139.213,642.066,321.962,157.383,667.783,357.905,1.15389,617.021,285.638,1.94426,626.517,314.877,45.5229,626.104,312.877,46.4972,614.622,284.442
263.656,316.11,36.8364,321.718,327.447,18.3799,292.484,509.474,93.2418,286.646,447.262,73.0847,322.847,448.261,34.501,317.827,517.715,51.4382,239.28,585.871,26.992,306.07,576.844,66.6964,269.288,583.078,156.554,248.564,599.907,203.197,236.062,612.92,245.697,257.354,645.188,235.94,267.876,635.816,193.986,281.842,621.729,146.742,170.078,743.271,340.835,139.213,642.063,321.96,157.381,667.782,357.907,1.15458,617.021,285.639,1.94428,626.513,314.878,45.5249,626.103,312.878,46.4982,614.621,284.441
263.655,316.11,36.8339,321.718,327.447,18.3815,292.484,509.474,93.2411,286.648,447.261,73.0855,322.845,448.26,34.5027,317.828,517.715,51.4419,239.292,585.865,26.9912,306.073,576.843,66.701,269.287,583.078,156.553,248.562,599.908,203.192,236.062,612.918,245.697,257.354,645.185,235.941,267.878,635.812,193.991,281.844,621.731,146.757,170.077,743.268,340.835,139.219,642.063,321.969,157.384,667.782,357.907,1.15655,617.019,285.636,1.95546,626.504,314.864,45.5329,626.112,312.882,46.5031,614.622,284.445
263.653,316.098,36.891,321.718,327.446,18.38,292.483,509.473,93.2421,286.645,447.26,73.0862,322.847,448.26,34.503,317.828,517.716,51.442,239.281,585.866,26.9942,305.98,576.867,66.6461,269.286,583.073,156.554,248.562,599.901,203.198,236.063,612.914,245.698,257.356,645.182,235.943,267.88,635.808,193.993,281.881,621.787,146.887,170.08,743.266,340.836,139.22,642.063,321.969,157.386,667.78,357.91,1.1725,617.014,285.636,1.94716,626.512,314.881,45.5303,626.1,312.881,46.5042,614.623,284.445
263.658,316.111,36.8364,321.72,327.444,18.3835,292.485,509.474,93.2402,286.646,447.262,73.0847,322.848,448.258,34.5046,317.831,517.714,51.4425,239.285,585.86,26.988,306.073,576.842,66.6989,269.285,583.072,156.554,248.564,599.899,203.196,236.064,612.912,245.698,257.337,645.143,236.014,267.883,635.806,193.994,281.91,621.743,146.918,170.084,743.265,340.837,139.219,642.06,321.963,157.386,667.778,357.91,1.17456,617.014,285.635,1.95661,626.501,314.865,45.5367,626.112,312.881,46.4967,614.599,284.453
263.654,316.1,36.8919,321.72,327.447,18.3809,292.486,509.474,93.2394,286.649,447.261,73.0843,322.849,448.26,34.5039,317.83,517.715,51.4411,239.292,585.866,26.9898,305.981,576.865,66.6436,269.288,583.071,156.553,248.561,599.901,203.191,236.063,612.911,245.697,257.337,645.141,236.015,267.882,635.802,193.989,281.912,621.741,146.916,170.101,743.266,340.851,139.22,642.06,321.965,157.387,667.777,357.911,1.17302,617.008,285.631,1.94862,626.511,314.88,45.5307,626.096,312.88,46.4975,614.597,284.454
263.656,316.099,36.8922,321.72,327.447,18.3802,292.488,509.474,93.2403,286.651,447.26,73.0836,322.853,448.258,34.5038,317.831,517.715,51.4376,239.288,585.861,26.9899,305.978,576.864,66.6392,269.29,583.07,156.553,248.573,599.892,203.169,236.065,612.913,245.697,257.338,645.141,236.015,267.886,635.8,193.991,281.912,621.74,146.915,170.116,743.269,340.856,139.212,642.053,321.977,157.389,667.777,357.91,1.17702,617.012,285.635,1.95972,626.503,314.865,45.5375,626.098,312.882,46.5103,614.62,284.445
263.656,316.099,36.8921,321.72,327.446,18.3785,292.491,509.474,93.2366,286.653,447.261,73.0829,322.854,448.26,34.5015,317.836,517.714,51.438,239.29,585.864,26.9886,305.981,576.865,66.6409,269.293,583.07,156.55,248.584,599.891,203.172,236.064,612.911,245.695,257.333,645.13,236.008,267.891,635.804,193.998,281.914,621.741,146.913,170.106,743.262,340.849,139.225,642.055,321.964,157.393,667.776,357.911,1.17896,617.006,285.634,1.95964,626.502,314.864,45.5479,626.11,312.886,46.5124,614.621,284.445
263.658,316.1,36.8923,321.721,327.446,18.3802,292.493,509.474,93.2377,286.653,447.26,73.0809,322.854,448.26,34.4981,317.836,517.714,51.4346,239.293,585.864,26.9832,305.983,576.864,66.6398,269.297,583.077,156.546,248.583,599.888,203.185,236.067,612.91,245.695,257.335,645.129,236.008,267.891,635.802,193.993,281.878,621.678,146.769,170.154,743.252,340.866,139.228,642.057,321.966,157.394,667.775,357.912,1.18125,617.009,285.638,1.95612,626.511,314.88,45.552,626.099,312.878,46.5128,614.618,284.445
263.66,316.112,36.8361,321.721,327.446,18.3777,292.498,509.473,93.2314,286.656,447.261,73.0798,322.856,448.26,34.4918,317.839,517.716,51.4349,239.299,585.864,26.9806,305.985,576.866,66.6395,269.301,583.073,156.546,248.59,599.89,203.174,236.068,612.91,245.692,257.335,645.13,236.006,267.906,635.802,193.999,281.881,621.686,146.775,170.155,743.251,340.865,139.23,642.052,321.962,157.393,667.773,357.906,1.18413,617.005,285.632,1.96163,626.513,314.872,45.5442,626.097,312.882,46.5149,614.621,284.444
263.66,316.101,36.8934,321.721,327.447,18.3766,292.521,509.463,93.2357,286.66,447.262,73.078,322.858,448.263,34.4968,317.885,517.785,51.481,239.294,585.862,26.9801,305.987,576.868,66.6369,269.307,583.08,156.543,248.594,599.891,203.172,236.07,612.911,245.69,257.344,645.139,236.013,267.912,635.805,193.99,281.86,621.734,146.683,170.161,743.252,340.864,139.219,642.049,321.974,157.399,667.774,357.907,1.18521,617.009,285.636,1.96467,626.503,314.863,45.5593,626.098,312.88,46.4339,614.497,284.409
263.663,316.113,36.8366,321.722,327.447,18.3753,292.522,509.465,93.2322,286.663,447.266,73.0823,322.86,448.263,34.4901,317.843,517.717,51.4316,239.3,585.864,26.9775,305.987,576.868,66.6347,269.311,583.079,156.541,248.597,599.893,203.171,236.073,612.911,245.689,257.346,645.141,236.012,267.901,635.811,193.979,281.861,621.736,146.679,170.161,743.251,340.861,139.232,642.051,321.958,157.401,667.776,357.906,1.18702,617.002,285.632,1.9674,626.513,314.871,45.5622,626.095,312.882,46.5209,614.618,284.445
263.66,316.102,36.8944,321.723,327.448,18.3726,292.526,509.465,93.2305,286.662,447.257,73.0695,322.861,448.264,34.4875,317.845,517.717,51.4271,239.301,585.862,26.9734,306.084,576.846,66.6773,269.327,583.084,156.542,248.6,599.888,203.169,236.075,612.912,245.687,257.347,645.141,236.01,267.901,635.813,193.973,281.864,621.74,146.677,170.185,743.26,340.864,139.229,642.05,321.975,157.402,667.775,357.906,1.18902,617.005,285.637,1.96692,626.511,314.872,45.5648,626.097,312.881,46.515,614.599,284.457
263.662,316.103,36.8955,321.724,327.449,18.374,292.527,509.467,93.2287,286.668,447.259,73.0708,322.86,448.263,34.4837,317.845,517.717,51.4236,239.303,585.864,26.9732,305.989,576.869,66.6328,269.335,583.097,156.538,248.608,599.898,203.169,236.078,612.914,245.685,257.369,645.178,235.932,267.918,635.824,193.966,281.863,621.743,146.673,170.188,743.262,340.863,139.228,642.049,321.97,157.405,667.774,357.906,1.19161,617.004,285.637,1.97054,626.51,314.875,45.5649,626.094,312.88,46.4346,614.515,284.395
263.663,316.104,36.8966,321.721,327.449,18.3729,292.539,509.469,93.2263,286.671,447.26,73.0705,322.86,448.263,34.4786,317.889,517.788,51.4757,239.299,585.873,26.9758,305.988,576.869,66.6298,269.337,583.1,156.536,248.614,599.899,203.17,236.082,612.913,245.685,257.372,645.182,235.927,267.922,635.829,193.962,281.866,621.747,146.67,170.187,743.26,340.86,139.234,642.051,321.972,157.41,667.776,357.906,1.19053,617.007,285.631,1.96836,626.508,314.87,45.5762,626.108,312.883,46.5236,614.617,284.446
263.662,316.101,36.8951,321.724,327.443,18.3724,292.551,509.473,93.196,286.67,447.261,73.0679,322.862,448.265,34.4801,317.891,517.789,51.4739,239.303,585.868,26.9725,306.084,576.848,66.6714,269.34,583.1,156.535,248.616,599.905,203.167,236.091,612.923,245.685,257.373,645.186,235.926,267.923,635.833,193.962,281.867,621.748,146.67,170.189,743.261,340.857,139.244,642.032,321.98,157.41,667.775,357.904,1.19298,617.005,285.632,1.97958,626.498,314.859,45.5705,626.093,312.882,46.4342,614.498,284.404
263.662,316.102,36.8949,321.723,327.449,18.3714,292.551,509.472,93.1967,286.671,447.259,73.0693,322.861,448.264,34.4786,317.889,517.789,51.4736,239.302,585.864,26.9718,305.989,576.868,66.6272,269.341,583.103,156.533,248.618,599.906,203.166,236.094,612.925,245.683,257.392,645.207,235.872,267.924,635.835,193.96,281.87,621.749,146.671,170.193,743.263,340.857,139.235,642.05,321.966,157.412,667.776,357.904,1.19888,617.005,285.636,1.97642,626.51,314.874,45.5738,626.095,312.879,46.5282,614.618,284.446
263.661,316.102,36.8944,321.725,327.444,18.3713,292.551,509.473,93.1959,286.669,447.259,73.0635,322.863,448.266,34.4769,317.855,517.732,51.4296,239.301,585.869,26.9688,306.084,576.849,66.6671,269.343,583.104,156.532,248.623,599.906,203.169,236.099,612.924,245.682,257.394,645.213,235.87,267.924,635.836,193.954,281.868,621.753,146.666,170.192,743.264,340.855,139.238,642.051,321.968,157.415,667.778,357.904,1.19787,617.003,285.633,1.97932,626.508,314.873,45.5737,626.091,312.881,46.5243,614.596,284.458
263.668,316.116,36.8396,321.725,327.449,18.3692,292.55,509.474,93.1951,286.662,447.256,73.0547,322.86,448.265,34.4777,317.88,517.782,51.4483,239.301,585.872,26.9731,305.991,576.871,66.6285,269.343,583.105,156.533,248.627,599.909,203.169,236.102,612.929,245.687,257.394,645.215,235.868,267.925,635.84,193.953,281.87,621.753,146.666,170.195,743.265,340.854,139.263,642.038,321.972,157.415,667.778,357.903,1.20053,617.003,285.637,1.98246,626.51,314.875,45.5771,626.095,312.881,46.4503,614.494,284.414
263.662,316.102,36.8946,321.722,327.449,18.3692,292.549,509.473,93.1928,286.661,447.257,73.0524,322.862,448.266,34.4754,317.838,517.715,51.3986,239.299,585.867,26.9674,305.988,576.869,66.6238,269.344,583.104,156.532,248.627,599.916,203.167,236.104,612.927,245.687,257.394,645.219,235.866,267.928,635.843,193.954,281.868,621.751,146.664,170.195,743.266,340.853,139.242,642.053,321.969,157.418,667.777,357.903,1.20268,617.002,285.636,1.98107,626.512,314.874,45.5774,626.092,312.879,46.5328,614.617,284.448
263.663,316.104,36.8964,321.723,327.449,18.3682,292.548,509.471,93.1927,286.66,447.258,73.0538,322.861,448.267,34.4745,317.88,517.783,51.4485,239.297,585.869,26.9692,306.083,576.851,66.6656,269.345,583.116,156.527,248.63,599.914,203.167,236.108,612.933,245.686,257.397,645.222,235.861,267.928,635.842,193.951,281.87,621.752,146.663,170.196,743.267,340.853,139.254,642.039,321.978,157.418,667.778,357.902,1.20242,616.998,285.631,1.98292,626.511,314.874,45.581,626.096,312.883,46.4251,614.515,284.391
263.665,316.104,36.8973,321.723,327.449,18.3679,292.547,509.476,93.1913,286.669,447.26,73.062,322.859,448.269,34.4766,317.853,517.732,51.4294,239.29,585.865,26.9725,306.083,576.851,66.6646,269.346,583.106,156.531,248.632,599.915,203.167,236.113,612.932,245.686,257.399,645.225,235.861,267.929,635.845,193.948,281.87,621.752,146.663,170.2,743.27,340.853,139.256,642.039,321.978,157.429,667.784,357.899,1.20306,617.001,285.637,1.9857,626.517,314.878,45.5822,626.093,312.883,46.5375,614.614,284.451
263.66,316.101,36.8951,321.727,327.444,18.3742,292.545,509.473,93.1919,286.659,447.257,73.0537,322.86,448.268,34.4729,317.878,517.782,51.4465,239.289,585.876,26.9716,305.991,576.872,66.6255,269.345,583.115,156.525,248.63,599.913,203.165,236.111,612.935,245.686,257.4,645.225,235.86,267.932,635.846,193.952,281.871,621.753,146.664,170.2,743.27,340.85,139.272,642.044,321.971,157.424,667.781,357.902,1.20496,617,285.638,1.98439,626.514,314.875,45.5814,626.093,312.882,46.5385,614.614,284.453
263.663,316.103,36.8958,321.722,327.449,18.368,292.524,509.47,93.218,286.656,447.259,73.0521,322.857,448.268,34.473,317.835,517.716,51.3977,239.294,585.87,26.9728,306.08,576.851,66.6591,269.344,583.114,156.525,248.632,599.915,203.165,236.115,612.934,245.685,257.401,645.225,235.857,267.93,635.844,193.945,281.87,621.753,146.661,170.203,743.272,340.851,139.253,642.057,321.962,157.429,667.792,357.868,1.2045,617.002,285.637,1.9885,626.515,314.881,45.5839,626.096,312.882,46.5357,614.596,284.462
263.663,316.104,36.8968,321.723,327.45,18.3687,292.54,509.474,93.1875,286.655,447.26,73.0543,322.858,448.267,34.4755,317.834,517.714,51.3954,239.292,585.868,26.9666,306.081,576.852,66.6624,269.343,583.116,156.524,248.63,599.913,203.163,236.113,612.934,245.684,257.401,645.228,235.857,267.934,635.845,193.95,281.87,621.754,146.66,170.204,743.274,340.85,139.274,642.047,321.968,157.432,667.792,357.867,1.20644,617.003,285.638,1.98777,626.519,314.876,45.5873,626.097,312.883,46.5365,614.596,284.462
263.663,316.103,36.8962,321.723,327.449,18.3675,292.504,509.477,93.2102,286.656,447.259,73.0511,322.857,448.268,34.4728,317.834,517.715,51.3953,239.293,585.875,26.9663,306.078,576.851,66.6591,269.342,583.113,156.522,248.629,599.913,203.162,236.113,612.932,245.682,257.402,645.225,235.855,267.931,635.843,193.944,281.869,621.75,146.659,170.203,743.274,340.847,139.256,642.061,321.969,157.425,667.791,357.869,1.208,617.001,285.639,1.98737,626.517,314.875,45.5867,626.095,312.884,46.453,614.517,284.397
263.667,316.114,36.8396,321.723,327.45,18.369,292.513,509.483,93.1801,286.655,447.259,73.0515,322.856,448.269,34.472,317.876,517.784,51.4431,239.293,585.876,26.9641,305.985,576.871,66.6212,269.339,583.103,156.526,248.628,599.911,203.161,236.112,612.934,245.682,257.404,645.224,235.855,267.931,635.84,193.944,281.871,621.75,146.66,170.207,743.278,340.846,139.258,642.063,321.967,157.435,667.796,357.866,1.20919,617.002,285.639,1.99179,626.522,314.879,45.5921,626.099,312.883,46.4645,614.512,284.408
263.662,316.103,36.8957,321.725,327.445,18.3695,292.498,509.479,93.2014,286.654,447.259,73.0505,322.853,448.267,34.47,317.835,517.717,51.395,239.292,585.873,26.9636,306.075,576.852,66.6533,269.338,583.113,156.52,248.625,599.911,203.159,236.11,612.932,245.679,257.404,645.222,235.854,267.931,635.84,193.944,281.869,621.752,146.657,170.208,743.278,340.846,139.257,642.062,321.966,157.435,667.798,357.868,1.20943,617.005,285.641,1.99205,626.519,314.881,45.5884,626.097,312.884,46.5403,614.614,284.452
263.663,316.103,36.896,321.721,327.45,18.3687,292.512,509.487,93.1693,286.653,447.26,73.05,322.855,448.269,34.4712,317.834,517.716,51.3913,239.287,585.87,26.959,306.078,576.852,66.6519,269.337,583.112,156.518,248.624,599.909,203.157,236.108,612.932,245.678,257.404,645.221,235.852,267.932,635.838,193.941,281.871,621.751,146.656,170.209,743.279,340.842,139.26,642.065,321.964,157.43,667.796,357.867,1.21551,617.003,285.64,1.99318,626.518,314.879,45.593,626.102,312.881,46.4566,614.52,284.397
263.663,316.103,36.8955,321.72,327.451,18.3665,292.509,509.484,93.1703,286.654,447.262,73.0484,322.854,448.268,34.466,317.875,517.784,51.4413,239.284,585.875,26.9575,306.077,576.854,66.6508,269.336,583.114,156.516,248.622,599.908,203.153,236.106,612.929,245.674,257.403,645.219,235.851,267.932,635.837,193.942,281.87,621.75,146.656,170.212,743.281,340.841,139.261,642.067,321.961,157.44,667.8,357.864,1.21675,617.002,285.644,1.99615,626.523,314.88,45.588,626.096,312.884,46.4695,614.512,284.408
263.663,316.104,36.8963,321.722,327.451,18.3654,292.516,509.486,93.1685,286.654,447.261,73.0488,322.855,448.269,34.4649,317.877,517.787,51.4395,239.288,585.874,26.9543,306.077,576.854,66.6493,269.336,583.111,156.513,248.619,599.907,203.153,236.108,612.929,245.674,257.404,645.217,235.851,267.933,635.836,193.94,281.87,621.751,146.654,170.215,743.282,340.839,139.26,642.07,321.957,157.442,667.801,357.861,1.21796,617.004,285.644,1.99721,626.521,314.879,45.5954,626.103,312.881,46.4708,614.513,284.408
263.662,316.103,36.8963,321.722,327.45,18.367,292.509,509.485,93.167,286.656,447.262,73.046,322.853,448.269,34.4642,317.833,517.717,51.3865,239.281,585.871,26.9538,306.074,576.853,66.6461,269.334,583.111,156.511,248.618,599.907,203.151,236.104,612.929,245.67,257.404,645.216,235.849,267.934,635.834,193.939,281.871,621.749,146.655,170.216,743.284,340.838,139.263,642.068,321.957,157.44,667.803,357.862,1.21723,617.004,285.644,1.99892,626.521,314.881,45.5987,626.103,312.882,46.4712,614.517,284.409
263.661,316.101,36.895,321.722,327.452,18.3654,292.513,509.49,93.1635,286.656,447.261,73.0454,322.851,448.271,34.4609,317.874,517.786,51.4363,239.287,585.873,26.9489,306.074,576.854,66.6407,269.332,583.111,156.51,248.616,599.904,203.146,236.104,612.927,245.669,257.406,645.214,235.848,267.935,635.834,193.936,281.872,621.748,146.653,170.217,743.285,340.835,139.264,642.075,321.955,157.443,667.805,357.861,1.218,617.004,285.643,1.99815,626.52,314.882,45.6008,626.104,312.883,46.4433,614.537,284.384
263.663,316.104,36.897,321.722,327.451,18.366,292.518,509.489,93.1626,286.657,447.263,73.0436,322.853,448.272,34.4611,317.876,517.788,51.4357,239.28,585.868,26.9507,306.075,576.854,66.6396,269.332,583.109,156.508,248.614,599.906,203.145,236.103,612.926,245.668,257.405,645.214,235.845,267.934,635.833,193.935,281.87,621.747,146.65,170.219,743.288,340.834,139.263,642.076,321.949,157.444,667.805,357.857,1.21977,617.005,285.645,2,626.524,314.88,45.6009,626.106,312.88,46.4715,614.517,284.405
263.664,316.103,36.8957,321.721,327.451,18.3633,292.519,509.489,93.1607,286.657,447.263,73.0425,322.852,448.27,34.4561,317.875,517.788,51.4332,239.275,585.871,26.9526,306.072,576.854,66.6356,269.332,583.111,156.505,248.615,599.907,203.142,236.105,612.933,245.666,257.404,645.215,235.842,267.959,635.846,193.928,281.871,621.746,146.65,170.221,743.289,340.83,139.266,642.079,321.955,157.446,667.81,357.854,1.21974,617.006,285.646,2.00128,626.525,314.879,45.6039,626.106,312.882,46.4738,614.517,284.406
263.665,316.104,36.8976,321.723,327.452,18.3643,292.52,509.489,93.1586,286.656,447.263,73.0425,322.852,448.272,34.4533,317.833,517.719,51.3807,239.275,585.876,26.948,306.073,576.855,66.6331,269.332,583.11,156.504,248.615,599.908,203.141,236.106,612.929,245.664,257.407,645.216,235.839,267.934,635.834,193.929,281.872,621.746,146.648,170.222,743.292,340.829,139.265,642.081,321.945,157.448,667.81,357.854,1.22197,617.006,285.645,2.00465,626.527,314.881,45.606,626.108,312.88,46.4739,614.515,284.408
263.664,316.104,36.897,321.724,327.447,18.3658,292.521,509.49,93.1563,286.656,447.264,73.0398,322.851,448.271,34.4524,317.831,517.719,51.376,239.28,585.869,26.9437,306.073,576.855,66.6284,269.33,583.111,156.495,248.616,599.908,203.14,236.107,612.931,245.66,257.408,645.219,235.837,267.958,635.849,193.921,281.872,621.749,146.647,170.226,743.293,340.825,139.27,642.083,321.943,157.449,667.811,357.853,1.22261,617.008,285.647,2.00475,626.524,314.882,45.6058,626.111,312.876,46.4463,614.541,284.381
263.663,316.103,36.8965,321.722,327.452,18.3606,292.521,509.492,93.1542,286.657,447.264,73.038,322.85,448.272,34.4529,317.872,517.789,51.4265,239.284,585.873,26.9388,306.074,576.856,66.6275,269.332,583.111,156.495,248.617,599.91,203.138,236.109,612.935,245.66,257.409,645.222,235.833,267.959,635.85,193.917,281.872,621.749,146.645,170.226,743.295,340.822,139.262,642.079,321.916,157.45,667.815,357.852,1.22276,617.008,285.646,2.0079,626.529,314.881,45.6059,626.11,312.878,46.4478,614.542,284.38
263.664,316.103,36.8963,321.722,327.452,18.3597,292.52,509.491,93.1503,286.658,447.265,73.0349,322.851,448.273,34.4487,317.873,517.79,51.4259,239.279,585.878,26.9377,306.071,576.855,66.6227,269.333,583.114,156.491,248.624,599.913,203.13,236.111,612.936,245.656,257.41,645.225,235.83,267.96,635.852,193.914,281.872,621.751,146.642,170.229,743.297,340.819,139.263,642.08,321.911,157.453,667.815,357.849,1.22488,617.007,285.647,2.007,626.529,314.881,45.6094,626.114,312.875,46.4786,614.518,284.405
263.662,316.102,36.8954,321.724,327.448,18.3632,292.515,509.496,93.1477,286.658,447.266,73.0343,322.852,448.274,34.4468,317.832,517.721,51.3723,239.281,585.876,26.9348,306.072,576.856,66.6183,269.334,583.116,156.486,248.626,599.914,203.128,236.114,612.94,245.652,257.41,645.23,235.825,267.96,635.856,193.91,281.872,621.754,146.64,170.231,743.299,340.816,139.266,642.082,321.912,157.457,667.817,357.848,1.22476,617.009,285.646,2.00889,626.531,314.879,45.6117,626.115,312.875,46.4702,614.529,284.387
263.663,316.103,36.896,321.724,327.446,18.3606,292.519,509.494,93.1455,286.659,447.266,73.0321,322.849,448.274,34.4445,317.872,517.79,51.4213,239.278,585.88,26.9325,306.07,576.856,66.6169,269.337,583.121,156.484,248.633,599.921,203.116,236.119,612.945,245.652,257.413,645.234,235.821,267.957,635.857,193.906,281.873,621.758,146.636,170.217,743.292,340.79,139.347,642.178,321.948,157.432,667.794,357.827,1.22526,617.011,285.646,2.0104,626.528,314.882,45.6157,626.117,312.874,46.4669,614.525,284.385
263.663,316.103,36.8962,321.721,327.454,18.3568,292.519,509.496,93.1446,286.658,447.267,73.0302,322.837,448.277,34.4253,317.831,517.721,51.3686,239.277,585.878,26.9279,306.071,576.857,66.6121,269.339,583.123,156.481,248.636,599.925,203.115,236.121,612.947,245.646,257.421,645.24,235.809,267.959,635.862,193.898,281.873,621.76,146.632,170.233,743.294,340.801,139.283,642.098,321.914,157.463,667.82,357.841,1.22776,617.011,285.646,2.00992,626.533,314.877,45.6158,626.119,312.871,46.4772,614.53,284.385
263.665,316.113,36.84,321.722,327.455,18.3574,292.519,509.495,93.1409,286.66,447.268,73.03,322.835,448.279,34.4212,317.871,517.793,51.417,239.27,585.876,26.9274,306.07,576.858,66.61,269.341,583.127,156.477,248.641,599.93,203.114,236.123,612.951,245.647,257.422,645.246,235.806,267.959,635.867,193.898,281.874,621.764,146.636,170.22,743.293,340.785,139.351,642.179,321.944,157.443,667.799,357.821,1.22863,617.011,285.646,2.0125,626.535,314.88,45.6182,626.124,312.869,46.4585,614.542,284.375
263.662,316.103,36.8947,321.724,327.447,18.3601,292.517,509.497,93.1399,286.657,447.27,73.0277,322.836,448.277,34.4166,317.872,517.793,51.4165,239.263,585.87,26.9145,306.068,576.858,66.6049,269.345,583.133,156.474,248.644,599.935,203.112,236.13,612.957,245.643,257.422,645.251,235.802,267.962,635.875,193.891,281.876,621.771,146.627,170.245,743.308,340.803,139.354,642.181,321.943,157.443,667.799,357.818,1.2281,617.014,285.645,2.01369,626.533,314.879,45.6253,626.123,312.87,46.4884,614.531,284.394
263.662,316.103,36.8967,321.722,327.45,18.3596,292.515,509.498,93.1369,286.658,447.27,73.0277,322.833,448.283,34.4179,317.87,517.795,51.415,239.258,585.87,26.9126,306.068,576.862,66.6028,269.345,583.135,156.471,248.647,599.938,203.109,236.132,612.96,245.642,257.425,645.256,235.8,267.961,635.88,193.886,281.874,621.772,146.63,170.245,743.308,340.8,139.353,642.182,321.94,157.474,667.828,357.838,1.23013,617.01,285.646,2.01299,626.533,314.878,45.6207,626.124,312.868,46.4791,614.529,284.387
263.663,316.104,36.8972,321.724,327.449,18.3596,292.518,509.5,93.1355,286.657,447.272,73.0254,322.834,448.282,34.4176,317.87,517.795,51.4132,239.258,585.875,26.9111,306.059,576.857,66.589,269.349,583.141,156.468,248.651,599.941,203.107,236.136,612.963,245.64,257.426,645.261,235.797,267.964,635.884,193.882,281.827,621.904,146.393,170.248,743.311,340.798,139.355,642.182,321.939,157.478,667.831,357.839,1.22901,617.013,285.646,2.01585,626.537,314.878,45.6313,626.126,312.869,46.4624,614.552,284.37
263.663,316.105,36.8971,321.721,327.454,18.3548,292.515,509.501,93.1291,286.657,447.27,73.024,322.834,448.282,34.4108,317.882,517.8,51.3827,239.259,585.874,26.9055,306.059,576.857,66.5848,269.351,583.145,156.465,248.654,599.944,203.105,236.147,612.999,245.648,257.426,645.266,235.793,267.964,635.888,193.881,281.824,621.907,146.385,170.248,743.312,340.795,139.357,642.182,321.938,157.478,667.831,357.836,1.22944,617.014,285.647,2.01344,626.535,314.878,45.6279,626.118,312.872,46.4799,614.528,284.386
263.662,316.103,36.8946,321.722,327.455,18.357,292.514,509.502,93.1272,286.657,447.272,73.0223,322.833,448.283,34.4132,317.868,517.797,51.4098,239.255,585.87,26.9037,306.057,576.86,66.5816,269.352,583.147,156.462,248.666,599.951,203.106,236.149,613.002,245.647,257.428,645.269,235.791,267.949,635.894,193.867,281.827,621.909,146.389,170.225,743.302,340.773,139.356,642.182,321.936,157.48,667.832,357.836,1.23098,617.014,285.646,2.01732,626.537,314.877,45.63,626.124,312.866,46.4774,614.531,284.382
263.663,316.104,36.8964,321.72,327.455,18.3533,292.514,509.504,93.1279,286.656,447.273,73.0243,322.823,448.277,34.3973,317.868,517.796,51.4086,239.258,585.874,26.9039,306.056,576.858,66.5795,269.354,583.15,156.458,248.687,599.926,203.065,236.151,613.003,245.645,257.427,645.271,235.788,267.957,635.9,193.861,281.827,621.909,146.388,170.249,743.315,340.792,139.375,642.186,321.939,157.488,667.839,357.835,1.2405,617.015,285.647,2.01649,626.538,314.877,45.6321,626.129,312.864,46.4769,614.532,284.382
263.664,316.104,36.8967,321.723,327.45,18.358,292.514,509.504,93.1237,286.656,447.271,73.0221,322.832,448.283,34.4075,317.869,517.797,51.408,239.254,585.873,26.9047,306.055,576.86,66.5772,269.355,583.151,156.459,248.691,599.927,203.064,236.151,613.005,245.644,257.429,645.273,235.787,267.953,635.902,193.844,281.829,621.911,146.389,170.25,743.315,340.79,139.357,642.186,321.932,157.488,667.84,357.832,1.23968,617.016,285.647,2.01736,626.539,314.876,45.6355,626.127,312.868,46.4744,614.536,284.378
263.664,316.105,36.897,321.722,327.456,18.353,292.513,509.504,93.1236,286.655,447.273,73.0205,322.823,448.279,34.4002,317.878,517.801,51.3771,239.248,585.872,26.9027,306.054,576.859,66.5754,269.355,583.153,156.458,248.687,599.927,203.063,236.151,613.006,245.644,257.428,645.273,235.785,267.961,635.909,193.842,281.828,621.91,146.387,170.251,743.317,340.788,139.376,642.186,321.94,157.492,667.842,357.832,1.23128,617.015,285.646,2.0199,626.538,314.878,45.6331,626.126,312.868,46.4739,614.536,284.376
263.664,316.104,36.8972,321.723,327.456,18.3515,292.513,509.505,93.1232,286.656,447.273,73.0201,322.823,448.279,34.3965,317.878,517.802,51.3771,239.25,585.874,26.9002,306.052,576.861,66.5752,269.356,583.154,156.456,248.688,599.928,203.062,236.152,613.009,245.643,257.432,645.276,235.787,267.962,635.91,193.841,281.855,621.933,146.416,170.251,743.318,340.788,139.37,642.193,321.934,157.495,667.842,357.835,1.24071,617.018,285.646,2.01907,626.54,314.876,45.6368,626.129,312.866,46.4787,614.533,284.381
263.664,316.105,36.8972,321.721,327.455,18.3525,292.514,509.506,93.1236,286.659,447.274,73.0193,322.82,448.281,34.3943,317.877,517.801,51.3759,239.245,585.865,26.8995,306.053,576.863,66.5743,269.354,583.154,156.457,248.688,599.929,203.062,236.153,613.01,245.642,257.434,645.283,235.783,267.959,635.911,193.837,281.851,621.931,146.407,170.272,743.324,340.789,139.385,642.2,321.968,157.491,667.844,357.83,1.24206,617.018,285.649,2.01824,626.539,314.878,45.6367,626.13,312.866,46.4782,614.539,284.378
263.665,316.103,36.8969,321.721,327.456,18.3523,292.513,509.505,93.1223,286.657,447.274,73.0196,322.822,448.28,34.3949,317.878,517.803,51.3758,239.243,585.865,26.8971,306.051,576.862,66.5738,269.353,583.154,156.454,248.688,599.93,203.062,236.153,613.011,245.642,257.437,645.283,235.786,267.948,635.906,193.838,281.851,621.931,146.407,170.255,743.322,340.786,139.378,642.19,321.935,157.493,667.845,357.832,1.24247,617.017,285.649,2.02034,626.541,314.877,45.6333,626.125,312.867,46.4801,614.534,284.382
263.664,316.104,36.8968,321.725,327.452,18.3544,292.514,509.504,93.1203,286.655,447.272,73.0191,322.821,448.28,34.3915,317.877,517.801,51.3757,239.241,585.87,26.9022,306.048,576.862,66.5689,269.35,583.151,156.456,248.668,599.957,203.101,236.152,613.009,245.642,257.428,645.276,235.781,267.957,635.909,193.837,281.825,621.91,146.387,170.261,743.321,340.785,139.385,642.198,321.965,157.494,667.846,357.829,1.24255,617.016,285.649,2.02088,626.539,314.879,45.6487,626.123,312.849,46.4806,614.531,284.381
263.666,316.104,36.8968,321.724,327.452,18.3546,292.514,509.504,93.1201,286.658,447.275,73.0181,322.821,448.282,34.3916,317.877,517.803,51.374,239.24,585.867,26.8983,306.049,576.862,66.5701,269.349,583.151,156.456,248.666,599.957,203.1,236.151,613.008,245.641,257.429,645.277,235.78,267.957,635.907,193.834,281.82,621.907,146.377,170.274,743.326,340.786,139.387,642.203,321.964,157.493,667.847,357.828,1.24301,617.013,285.651,2.02138,626.539,314.878,45.6413,626.129,312.869,46.4789,614.534,284.379
263.664,316.104,36.8972,321.724,327.451,18.3556,292.514,509.504,93.1206,286.658,447.273,73.0182,322.82,448.281,34.3898,317.877,517.803,51.3742,239.243,585.869,26.898,306.05,576.864,66.5726,269.348,583.151,156.455,248.664,599.957,203.101,236.15,613.009,245.64,257.429,645.276,235.78,267.958,635.907,193.837,281.826,621.911,146.387,170.275,743.328,340.786,139.373,642.196,321.931,157.498,667.847,357.833,1.24466,617.014,285.652,2.02437,626.54,314.88,45.6428,626.128,312.87,46.4844,614.531,284.384
263.665,316.104,36.8975,321.723,327.451,18.3567,292.514,509.504,93.1203,286.657,447.276,73.0176,322.82,448.281,34.3898,317.876,517.803,51.3738,239.243,585.873,26.9013,306.048,576.861,66.5683,269.345,583.15,156.454,248.649,599.954,203.097,236.151,613.01,245.641,257.429,645.276,235.779,267.957,635.905,193.836,281.824,621.908,146.386,170.274,743.328,340.787,139.374,642.197,321.93,157.496,667.852,357.827,1.24605,617.014,285.653,2.0444,626.539,314.894,45.6516,626.123,312.849,46.4814,614.531,284.383
263.664,316.104,36.8983,321.725,327.451,18.3538,292.514,509.505,93.1193,286.657,447.274,73.0195,322.818,448.282,34.3904,317.875,517.803,51.3737,239.244,585.873,26.9001,306.049,576.863,66.5706,269.344,583.149,156.456,248.669,599.922,203.055,236.15,613.01,245.641,257.43,645.275,235.781,267.958,635.904,193.835,281.825,621.909,146.388,170.274,743.33,340.787,139.373,642.199,321.928,157.497,667.85,357.829,1.2476,617.011,285.654,2.04404,626.536,314.893,45.6577,626.123,312.854,46.4845,614.531,284.384
263.664,316.103,36.8971,321.724,327.45,18.3521,292.513,509.504,93.1204,286.656,447.273,73.0176,322.821,448.282,34.3925,317.876,517.804,51.3737,239.241,585.869,26.8995,306.048,576.862,66.5692,269.341,583.148,156.455,248.65,599.951,203.095,236.15,613.008,245.64,257.435,645.268,235.773,267.95,635.9,193.84,281.82,621.903,146.376,170.264,743.33,340.784,139.375,642.198,321.929,157.499,667.849,357.829,1.24882,617.011,285.656,2.04928,626.535,314.897,45.6447,626.126,312.872,46.4849,614.532,284.384
263.665,316.104,36.8979,321.722,327.456,18.3534,292.511,509.504,93.1203,286.654,447.275,73.0184,322.819,448.28,34.3905,317.875,517.802,51.3741,239.248,585.866,26.8966,306.05,576.863,66.5713,269.339,583.144,156.453,248.648,599.949,203.097,236.15,613.006,245.639,257.438,645.267,235.778,267.947,635.897,193.84,281.82,621.902,146.376,170.275,743.331,340.785,139.389,642.201,321.967,157.499,667.85,357.829,1.251,617.009,285.656,2.05097,626.531,314.897,45.6591,626.12,312.856,46.4866,614.528,284.386
263.664,316.103,36.896,321.712,327.466,18.343,292.511,509.505,93.1208,286.656,447.273,73.0198,322.819,448.281,34.3925,317.876,517.802,51.3749,239.25,585.871,26.897,306.052,576.862,66.5711,269.34,583.144,156.455,248.648,599.948,203.095,236.152,613.008,245.641,257.431,645.272,235.782,267.952,635.896,193.841,281.819,621.902,146.375,170.274,743.329,340.785,139.39,642.204,321.965,157.505,667.854,357.833,1.25232,617.006,285.657,2.05058,626.531,314.9,45.6586,626.119,312.856,46.4938,614.528,284.39
263.664,316.104,36.8971,321.721,327.457,18.351,292.51,509.505,93.1216,286.655,447.274,73.0194,322.821,448.28,34.3931,317.877,517.801,51.3748,239.242,585.866,26.9011,306.051,576.86,66.5715,269.34,583.145,156.457,248.648,599.947,203.095,236.151,613.008,245.64,257.436,645.264,235.774,267.962,635.899,193.838,281.821,621.901,146.375,170.274,743.329,340.784,139.379,642.198,321.929,157.506,667.85,357.833,1.2519,617.006,285.658,2.05258,626.533,314.899,45.6593,626.112,312.859,46.4893,614.525,284.388
263.664,316.103,36.8969,321.722,327.454,18.3518,292.51,509.504,93.1206,286.655,447.273,73.0195,322.821,448.28,34.394,317.876,517.802,51.3754,239.246,585.878,26.902,306.053,576.86,66.5702,269.34,583.143,156.458,248.667,599.92,203.054,236.151,613.005,245.641,257.436,645.262,235.774,267.979,635.896,193.85,281.82,621.899,146.376,170.267,743.328,340.784,139.379,642.197,321.93,157.505,667.85,357.834,1.25693,617,285.667,2.05607,626.531,314.902,45.6593,626.11,312.86,46.4879,614.514,284.395
263.664,316.103,36.8957,321.723,327.452,18.3542,292.51,509.504,93.1217,286.655,447.272,73.0189,322.821,448.28,34.3927,317.877,517.801,51.3744,239.242,585.868,26.9022,306.053,576.858,66.5706,269.341,583.14,156.455,248.667,599.918,203.053,236.153,613.005,245.64,257.437,645.263,235.774,267.991,635.897,193.851,281.822,621.902,146.377,170.275,743.325,340.783,139.383,642.189,321.936,157.502,667.848,357.829,1.25971,616.996,285.668,2.05708,626.528,314.903,45.6641,626.108,312.865,46.4943,614.514,284.398
263.664,316.104,36.8974,321.724,327.45,18.3561,292.509,509.503,93.1215,286.656,447.275,73.0183,322.822,448.277,34.3915,317.878,517.8,51.3753,239.251,585.873,26.9016,306.053,576.859,66.5723,269.343,583.14,156.457,248.649,599.945,203.095,236.154,613.004,245.641,257.438,645.262,235.775,267.98,635.893,193.853,281.874,621.774,146.602,170.275,743.324,340.784,139.38,642.194,321.933,157.508,667.847,357.834,1.25733,616.995,285.67,2.05538,626.524,314.905,45.662,626.106,312.866,46.4901,614.515,284.395
263.666,316.103,36.8973,321.722,327.455,18.3521,292.511,509.502,93.1228,286.656,447.275,73.0182,322.825,448.28,34.3973,317.878,517.8,51.3756,239.25,585.864,26.899,306.055,576.858,66.571,269.345,583.142,156.457,248.652,599.944,203.097,236.153,613.001,245.639,257.44,645.261,235.775,267.982,635.894,193.852,281.881,621.773,146.612,170.276,743.322,340.785,139.386,642.189,321.938,157.502,667.845,357.831,1.25986,616.992,285.67,2.06263,626.523,314.906,45.683,626.103,312.88,46.4932,614.51,284.398
263.666,316.104,36.8982,321.725,327.45,18.3545,292.511,509.503,93.1219,286.656,447.276,73.0198,322.825,448.279,34.3938,317.878,517.8,51.3743,239.255,585.87,26.9007,306.058,576.857,66.5727,269.347,583.14,156.457,248.684,599.921,203.059,236.157,613.004,245.643,257.439,645.26,235.776,267.983,635.893,193.853,281.88,621.773,146.608,170.275,743.32,340.784,139.386,642.188,321.939,157.505,667.844,357.832,1.26152,616.992,285.673,2.05896,626.522,314.907,45.6628,626.099,312.866,46.4934,614.512,284.402
263.667,316.104,36.8982,321.726,327.451,18.3543,292.514,509.502,93.1198,286.66,447.272,73.0187,322.835,448.284,34.4039,317.881,517.799,51.376,239.26,585.871,26.895,306.06,576.857,66.5734,269.349,583.138,156.459,248.685,599.921,203.06,236.165,612.99,245.645,257.441,645.261,235.777,267.994,635.895,193.854,281.884,621.774,146.617,170.279,743.318,340.786,139.387,642.185,321.939,157.511,667.843,357.838,1.26184,616.987,285.673,2.06124,626.521,314.908,45.6648,626.097,312.871,46.4896,614.508,284.399
263.667,316.104,36.8974,321.725,327.457,18.3524,292.515,509.501,93.1229,286.662,447.27,73.0192,322.825,448.279,34.3948,317.882,517.799,51.3757,239.253,585.868,26.9009,306.06,576.857,66.5747,269.35,583.136,156.458,248.689,599.921,203.062,236.166,612.99,245.645,257.447,645.264,235.777,267.998,635.896,193.857,281.881,621.769,146.609,170.269,743.312,340.787,139.39,642.183,321.943,157.531,667.827,357.845,1.26325,616.987,285.673,2.05953,626.517,314.912,45.6842,626.097,312.88,46.4938,614.506,284.403
263.667,316.103,36.8974,321.726,327.452,18.3561,292.517,509.5,93.1217,286.665,447.273,73.0185,322.837,448.284,34.4032,317.883,517.799,51.3776,239.257,585.868,26.8989,306.063,576.855,66.576,269.353,583.136,156.46,248.69,599.921,203.063,236.168,612.986,245.646,257.441,645.257,235.778,267.997,635.895,193.858,281.885,621.772,146.62,170.269,743.309,340.788,139.394,642.18,321.946,157.533,667.825,357.845,1.2636,616.984,285.675,2.06148,626.52,314.909,45.6853,626.093,312.888,46.4998,614.508,284.408
263.667,316.104,36.898,321.724,327.455,18.3527,292.521,509.501,93.1226,286.665,447.271,73.0197,322.839,448.281,34.4031,317.885,517.799,51.3781,239.259,585.87,26.9029,306.065,576.857,66.5775,269.353,583.132,156.46,248.693,599.92,203.064,236.167,612.983,245.645,257.442,645.256,235.78,267.999,635.894,193.859,281.885,621.772,146.622,170.28,743.31,340.793,139.394,642.18,321.946,157.534,667.824,357.849,1.26602,616.985,285.675,2.06282,626.516,314.913,45.6859,626.091,312.883,46.499,614.505,284.408
263.667,316.103,36.8976,321.725,327.455,18.3511,292.522,509.499,93.1249,286.666,447.271,73.0199,322.842,448.277,34.3981,317.885,517.798,51.3764,239.266,585.87,26.9009,306.065,576.855,66.5756,269.357,583.135,156.464,248.676,599.942,203.107,236.17,612.983,245.649,257.443,645.255,235.78,268,635.894,193.86,281.886,621.771,146.621,170.272,743.304,340.791,139.394,642.175,321.95,157.539,667.822,357.854,1.26569,616.983,285.675,2.06411,626.515,314.917,45.6856,626.09,312.887,46.4949,614.507,284.403
263.667,316.104,36.8985,321.726,327.456,18.3533,292.526,509.499,93.124,286.668,447.269,73.0208,322.831,448.275,34.3942,317.887,517.799,51.3779,239.265,585.873,26.9024,306.067,576.854,66.579,269.357,583.133,156.464,248.677,599.94,203.109,236.172,612.981,245.651,257.445,645.253,235.783,267.996,635.885,193.876,281.885,621.769,146.623,170.272,743.3,340.795,139.397,642.174,321.955,157.542,667.818,357.855,1.26787,616.982,285.677,2.06419,626.514,314.92,45.6889,626.09,312.888,46.499,614.502,284.408
263.665,316.102,36.8979,321.725,327.454,18.3532,292.548,509.49,93.1343,286.669,447.268,73.0208,322.844,448.279,34.4064,317.889,517.797,51.3793,239.268,585.87,26.9021,306.069,576.852,66.5805,269.361,583.134,156.465,248.697,599.918,203.069,236.173,612.981,245.653,257.446,645.251,235.784,267.997,635.885,193.878,281.886,621.77,146.623,170.272,743.3,340.797,139.404,642.177,321.983,157.541,667.818,357.857,1.26897,616.98,285.678,2.06787,626.511,314.923,45.6893,626.089,312.89,46.502,614.502,284.411
263.669,316.104,36.8982,321.728,327.45,18.353,292.55,509.488,93.1391,286.669,447.269,73.0225,322.842,448.278,34.4071,317.888,517.796,51.3807,239.267,585.867,26.9051,306.077,576.858,66.5931,269.363,583.132,156.467,248.679,599.939,203.111,236.173,612.98,245.656,257.444,645.249,235.785,267.998,635.884,193.878,281.885,621.771,146.622,170.266,743.288,340.796,139.404,642.177,321.984,157.542,667.816,357.86,1.27045,616.979,285.679,2.06788,626.511,314.922,45.6888,626.086,312.889,46.498,614.502,284.408
263.67,316.103,36.8986,321.727,327.454,18.3539,292.552,509.488,93.1401,286.671,447.268,73.0215,322.846,448.275,34.4008,317.89,517.796,51.3807,239.279,585.874,26.9207,306.071,576.851,66.582,269.364,583.133,156.467,248.681,599.937,203.114,236.156,612.955,245.642,257.447,645.247,235.788,267.999,635.883,193.881,281.886,621.769,146.625,170.265,743.285,340.797,139.409,642.174,321.987,157.543,667.814,357.861,1.27271,616.977,285.679,2.07114,626.509,314.924,45.6919,626.083,312.891,46.5058,614.503,284.412
263.665,316.102,36.8979,321.726,327.454,18.3537,292.552,509.487,93.1395,286.673,447.267,73.0222,322.845,448.274,34.4006,317.891,517.796,51.3826,239.284,585.874,26.9206,306.079,576.857,66.5993,269.365,583.132,156.469,248.682,599.936,203.114,236.185,612.972,245.658,257.448,645.246,235.789,267.991,635.878,193.885,281.887,621.771,146.627,170.266,743.284,340.798,139.41,642.173,321.988,157.536,667.808,357.861,1.27429,616.976,285.68,2.07619,626.504,314.926,45.6908,626.082,312.891,46.4997,614.483,284.421
263.666,316.103,36.8983,321.73,327.447,18.3568,292.554,509.487,93.1454,286.673,447.266,73.0239,322.846,448.275,34.4107,317.892,517.794,51.3851,239.281,585.87,26.9256,306.082,576.858,66.6009,269.366,583.132,156.472,248.683,599.934,203.115,236.167,612.95,245.645,257.448,645.242,235.792,268.002,635.881,193.887,281.888,621.771,146.628,170.267,743.284,340.801,139.407,642.173,321.99,157.544,667.813,357.866,1.27502,616.973,285.681,2.07811,626.503,314.928,45.6948,626.082,312.891,46.4985,614.483,284.42
263.669,316.104,36.8989,321.726,327.453,18.3541,292.555,509.486,93.1476,286.674,447.266,73.0249,322.849,448.271,34.4056,317.892,517.795,51.3856,239.279,585.872,26.9298,306.082,576.856,66.6007,269.367,583.131,156.471,248.683,599.933,203.117,236.166,612.952,245.652,257.447,645.24,235.793,268.003,635.877,193.89,281.889,621.77,146.628,170.268,743.282,340.801,139.41,642.171,321.996,157.535,667.806,357.867,1.27623,616.973,285.683,2.08097,626.501,314.931,45.6966,626.079,312.895,46.5062,614.48,284.426
263.668,316.103,36.8992,321.728,327.452,18.3545,292.556,509.487,93.1497,286.672,447.266,73.027,322.863,448.269,34.4246,317.894,517.794,51.3883,239.287,585.878,26.9338,306.081,576.856,66.6032,269.367,583.13,156.476,248.684,599.932,203.119,236.17,612.946,245.648,257.449,645.239,235.795,268.004,635.876,193.892,281.888,621.769,146.628,170.267,743.281,340.803,139.41,642.169,321.998,157.536,667.804,357.869,1.27799,616.973,285.681,2.08298,626.502,314.93,45.6988,626.08,312.893,46.4996,614.482,284.42
263.671,316.104,36.8993,321.731,327.447,18.3551,292.556,509.486,93.1522,286.671,447.267,73.0287,322.859,448.271,34.4334,317.894,517.794,51.3898,239.29,585.869,26.9289,306.084,576.856,66.6078,269.368,583.13,156.477,248.683,599.931,203.119,236.168,612.946,245.649,257.45,645.236,235.799,268.007,635.876,193.896,281.89,621.769,146.63,170.267,743.281,340.803,139.411,642.173,321.994,157.537,667.807,357.867,1.27784,616.973,285.682,2.08136,626.503,314.927,45.7023,626.082,312.894,46.513,614.503,284.414
263.667,316.102,36.8985,321.729,327.451,18.3564,292.555,509.487,93.1545,286.674,447.265,73.0285,322.865,448.266,34.4248,317.894,517.793,51.3913,239.287,585.875,26.9356,306.086,576.856,66.6084,269.368,583.127,156.477,248.684,599.931,203.122,236.168,612.942,245.653,257.45,645.235,235.8,268.006,635.874,193.897,281.89,621.768,146.633,170.267,743.28,340.805,139.41,642.169,322,157.534,667.805,357.871,1.27919,616.972,285.682,2.08281,626.501,314.929,45.7006,626.081,312.894,46.5086,614.501,284.413
263.667,316.103,36.8982,321.73,327.448,18.3563,292.555,509.484,93.1546,286.673,447.264,73.03,322.865,448.267,34.4279,317.895,517.793,51.391,239.286,585.875,26.9387,306.088,576.856,66.6119,269.369,583.128,156.48,248.685,599.931,203.123,236.168,612.943,245.656,257.45,645.234,235.801,268.008,635.871,193.898,281.892,621.765,146.635,170.267,743.279,340.805,139.41,642.169,321.999,157.534,667.803,357.871,1.28008,616.973,285.682,2.08289,626.503,314.928,45.6994,626.078,312.896,46.5152,614.504,284.416
263.667,316.103,36.8981,321.728,327.452,18.3532,292.556,509.482,93.1545,286.674,447.263,73.0293,322.866,448.267,34.4266,317.885,517.789,51.4222,239.282,585.874,26.9409,306.088,576.855,66.6117,269.37,583.125,156.481,248.685,599.929,203.123,236.169,612.942,245.658,257.45,645.233,235.801,268.008,635.871,193.902,281.892,621.763,146.636,170.266,743.278,340.806,139.41,642.169,321.998,157.533,667.803,357.872,1.27996,616.972,285.683,2.08237,626.501,314.931,45.6987,626.079,312.896,46.5111,614.502,284.414
263.667,316.102,36.8977,321.73,327.445,18.3576,292.557,509.483,93.1553,286.673,447.264,73.0295,322.864,448.264,34.427,317.896,517.792,51.3916,239.295,585.872,26.936,306.084,576.854,66.612,269.394,583.111,156.494,248.684,599.929,203.124,236.167,612.943,245.656,257.45,645.233,235.803,268,635.866,193.903,281.891,621.762,146.637,170.267,743.278,340.806,139.409,642.169,321.999,157.534,667.803,357.873,1.27849,616.971,285.68,2.0829,626.503,314.928,45.7022,626.08,312.896,46.5017,614.48,284.422
263.672,316.105,36.9003,321.73,327.452,18.354,292.558,509.482,93.1558,286.674,447.262,73.0304,322.866,448.262,34.4274,317.895,517.791,51.3914,239.291,585.875,26.9378,305.994,576.87,66.5925,269.394,583.108,156.494,248.683,599.928,203.124,236.168,612.945,245.654,257.449,645.234,235.803,268.008,635.868,193.904,281.893,621.759,146.64,170.264,743.276,340.807,139.419,642.151,322.018,157.53,667.802,357.873,1.27933,616.968,285.683,2.08552,626.504,314.929,45.7018,626.079,312.898,46.5058,614.479,284.425
263.668,316.102,36.8972,321.729,327.452,18.354,292.558,509.481,93.1557,286.677,447.263,73.029,322.866,448.266,34.4308,317.897,517.792,51.3939,239.291,585.874,26.9413,306.087,576.854,66.615,269.395,583.106,156.497,248.685,599.929,203.125,236.168,612.943,245.658,257.45,645.234,235.802,268.01,635.868,193.905,281.893,621.758,146.639,170.264,743.276,340.804,139.41,642.167,322.002,157.535,667.802,357.875,1.2779,616.968,285.684,2.08168,626.501,314.931,45.6982,626.077,312.896,46.5082,614.48,284.428
263.671,316.103,36.8995,321.729,327.453,18.3554,292.56,509.481,93.1557,286.678,447.263,73.0286,322.867,448.264,34.4289,317.898,517.792,51.3929,239.292,585.871,26.9369,306.089,576.854,66.6125,269.393,583.106,156.496,248.683,599.928,203.126,236.166,612.94,245.655,257.449,645.233,235.802,268,635.864,193.905,281.893,621.755,146.638,170.262,743.275,340.805,139.408,642.167,322.001,157.535,667.804,357.872,1.27867,616.966,285.685,2.08107,626.503,314.93,45.6973,626.076,312.9,46.5031,614.464,284.429
263.671,316.102,36.899,321.729,327.452,18.3557,292.559,509.482,93.1545,286.675,447.263,73.0266,322.866,448.265,34.426,317.895,517.791,51.3908,239.292,585.867,26.9335,306.089,576.855,66.6122,269.394,583.106,156.497,248.683,599.927,203.126,236.166,612.941,245.655,257.447,645.234,235.801,267.998,635.864,193.905,281.893,621.755,146.64,170.262,743.274,340.805,139.42,642.15,322.017,157.533,667.801,357.872,1.27807,616.967,285.684,2.07958,626.503,314.933,45.693,626.072,312.9,46.5058,614.465,284.431
263.668,316.103,36.8985,321.728,327.451,18.3542,292.56,509.482,93.1543,286.677,447.263,73.0287,322.869,448.264,34.4307,317.896,517.792,51.3912,239.288,585.871,26.938,306.089,576.855,66.6134,269.392,583.101,156.496,248.684,599.927,203.126,236.168,612.939,245.657,257.448,645.235,235.803,267.999,635.864,193.903,281.893,621.753,146.639,170.261,743.273,340.804,139.419,642.151,322.018,157.531,667.799,357.875,1.28038,616.959,285.69,2.07815,626.5,314.934,45.6915,626.071,312.901,46.506,614.461,284.435
263.667,316.102,36.8975,321.728,327.452,18.3546,292.56,509.482,93.1531,286.677,447.264,73.0295,322.866,448.267,34.4241,317.897,517.792,51.3914,239.285,585.871,26.9354,306.087,576.856,66.61,269.392,583.103,156.494,248.682,599.926,203.123,236.166,612.944,245.653,257.447,645.234,235.8,267.998,635.863,193.903,281.893,621.752,146.639,170.261,743.272,340.804,139.419,642.149,322.018,157.533,667.8,357.875,1.27969,616.957,285.692,2.07638,626.498,314.933,45.6926,626.07,312.902,46.5044,614.457,284.435
263.67,316.103,36.8988,321.729,327.453,18.3528,292.56,509.484,93.1524,286.677,447.264,73.0263,322.866,448.266,34.4228,317.896,517.792,51.3891,239.286,585.869,26.9331,305.994,576.869,66.5895,269.39,583.103,156.491,248.682,599.925,203.123,236.168,612.938,245.655,257.447,645.233,235.799,267.996,635.862,193.903,281.892,621.752,146.637,170.261,743.271,340.804,139.419,642.149,322.018,157.502,667.769,357.852,1.27835,616.958,285.688,2.07434,626.498,314.93,45.6908,626.068,312.9,46.504,614.458,284.435
263.667,316.102,36.8976,321.727,327.452,18.3524,292.56,509.484,93.1493,286.675,447.263,73.0234,322.865,448.265,34.4236,317.895,517.792,51.3876,239.291,585.874,26.9302,306.086,576.857,66.6057,269.39,583.102,156.49,248.681,599.924,203.121,236.167,612.941,245.653,257.446,645.233,235.798,268.005,635.866,193.9,281.891,621.752,146.639,170.262,743.271,340.803,139.422,642.146,322.019,157.501,667.768,357.852,1.27793,616.956,285.686,2.07633,626.499,314.928,45.6915,626.066,312.895,46.5057,614.458,284.432
263.666,316.103,36.8965,321.73,327.447,18.3576,292.558,509.484,93.1451,286.675,447.265,73.024,322.864,448.267,34.4207,317.896,517.793,51.3876,239.295,585.875,26.9255,306.084,576.856,66.6027,269.388,583.103,156.49,248.68,599.924,203.121,236.166,612.938,245.652,257.447,645.232,235.798,267.996,635.862,193.899,281.889,621.752,146.632,170.263,743.268,340.802,139.419,642.147,322.018,157.503,667.769,357.851,1.27799,616.956,285.685,2.07057,626.5,314.92,45.6925,626.068,312.891,46.5062,614.457,284.433
263.666,316.101,36.8961,321.726,327.453,18.3512,292.557,509.485,93.1465,286.674,447.264,73.0217,322.864,448.267,34.4188,317.894,517.793,51.3835,239.29,585.871,26.9273,306.083,576.857,66.601,269.388,583.103,156.488,248.681,599.923,203.12,236.167,612.937,245.653,257.446,645.231,235.798,267.995,635.862,193.897,281.89,621.754,146.633,170.264,743.266,340.802,139.421,642.146,322.016,157.527,667.789,357.87,1.27737,616.956,285.683,2.07795,626.5,314.925,45.6884,626.065,312.893,46.5047,614.462,284.429
263.67,316.105,36.8983,321.726,327.453,18.3507,292.557,509.486,93.1439,286.673,447.265,73.0215,322.852,448.271,34.4023,317.895,517.793,51.3837,239.287,585.878,26.9271,306.084,576.859,66.5995,269.387,583.103,156.486,248.676,599.921,203.117,236.165,612.934,245.646,257.447,645.23,235.797,267.992,635.86,193.897,281.886,621.751,146.625,170.263,743.265,340.802,139.419,642.149,322.015,157.505,667.767,357.851,1.27721,616.956,285.685,2.07174,626.502,314.924,45.6926,626.067,312.893,46.5074,614.459,284.43
263.67,316.106,36.9002,321.73,327.448,18.3536,292.551,509.487,93.1368,286.673,447.265,73.0211,322.848,448.273,34.3988,317.893,517.793,51.382,239.289,585.875,26.9269,306.083,576.858,66.6004,269.361,583.115,156.47,248.677,599.92,203.115,236.161,612.932,245.649,257.447,645.227,235.795,267.991,635.859,193.891,281.889,621.758,146.631,170.263,743.263,340.8,139.418,642.148,322.009,157.524,667.787,357.863,1.27859,616.954,285.686,2.07776,626.499,314.926,45.6968,626.069,312.892,46.5052,614.456,284.431
263.665,316.102,36.8953,321.727,327.454,18.3506,292.551,509.485,93.1391,286.669,447.266,73.021,322.848,448.271,34.3969,317.893,517.793,51.3825,239.285,585.88,26.929,306.081,576.858,66.5975,269.361,583.119,156.469,248.676,599.92,203.112,236.162,612.932,245.642,257.446,645.226,235.796,267.982,635.857,193.897,281.889,621.76,146.63,170.262,743.262,340.798,139.415,642.148,322.007,157.523,667.785,357.863,1.28197,616.947,285.68,2.07836,626.499,314.927,45.6917,626.065,312.893,46.5041,614.454,284.431
263.668,316.105,36.8983,321.727,327.453,18.3489,292.548,509.486,93.1377,286.67,447.267,73.0203,322.848,448.27,34.4001,317.892,517.795,51.3817,239.276,585.873,26.9264,306.08,576.859,66.5987,269.36,583.119,156.466,248.675,599.921,203.112,236.16,612.933,245.641,257.445,645.224,235.794,267.992,635.858,193.893,281.889,621.76,146.632,170.26,743.262,340.797,139.418,642.148,322.008,157.523,667.784,357.859,1.28264,616.945,285.678,2.07863,626.498,314.927,45.6932,626.062,312.891,46.5038,614.452,284.43
263.67,316.103,36.8979,321.727,327.454,18.347,292.546,509.487,93.1353,286.67,447.267,73.0196,322.842,448.277,34.4032,317.891,517.795,51.3803,239.282,585.879,26.922,306.071,576.853,66.5836,269.359,583.12,156.466,248.673,599.921,203.111,236.155,612.933,245.645,257.444,645.224,235.793,267.988,635.858,193.89,281.884,621.757,146.62,170.258,743.263,340.796,139.416,642.147,322.006,157.521,667.784,357.857,1.28075,616.945,285.678,2.07491,626.491,314.92,45.6874,626.058,312.888,46.5027,614.454,284.427
263.666,316.102,36.8958,321.728,327.449,18.3508,292.543,509.488,93.1315,286.667,447.268,73.0192,322.844,448.275,34.3966,317.888,517.795,51.3799,239.27,585.864,26.9083,306.068,576.853,66.5829,269.356,583.122,156.463,248.659,599.918,203.103,236.153,612.934,245.638,257.441,645.225,235.791,267.977,635.857,193.894,281.884,621.762,146.627,170.255,743.263,340.794,139.401,642.16,321.98,157.517,667.784,357.858,1.27783,616.942,285.675,2.06817,626.497,314.917,45.6883,626.058,312.882,46.4988,614.451,284.423
263.666,316.103,36.8965,321.728,327.448,18.3484,292.524,509.497,93.1235,286.67,447.266,73.0164,322.844,448.275,34.3937,317.888,517.797,51.3777,239.269,585.866,26.9084,306.065,576.855,66.5801,269.354,583.124,156.461,248.675,599.904,203.059,236.142,612.937,245.634,257.44,645.227,235.789,267.978,635.859,193.889,281.884,621.764,146.627,170.25,743.263,340.791,139.4,642.141,321.964,157.514,667.784,357.855,1.27357,616.948,285.665,2.06649,626.491,314.913,45.6881,626.055,312.879,46.4975,614.456,284.413
263.669,316.103,36.897,321.727,327.45,18.3492,292.523,509.497,93.1201,286.668,447.268,73.0154,322.839,448.281,34.3988,317.885,517.797,51.3762,239.268,585.868,26.9073,306.064,576.854,66.5771,269.355,583.124,156.461,248.657,599.921,203.102,236.14,612.937,245.631,257.437,645.227,235.789,267.983,635.861,193.885,281.884,621.764,146.625,170.246,743.262,340.791,139.39,642.16,321.957,157.503,667.781,357.849,1.26925,616.949,285.658,2.06174,626.489,314.907,45.6829,626.045,312.856,46.4951,614.454,284.412
263.668,316.106,36.8987,321.727,327.451,18.3472,292.523,509.5,93.1199,286.669,447.269,73.0163,322.84,448.277,34.3897,317.886,517.799,51.3752,239.258,585.864,26.9095,306.063,576.855,66.5806,269.352,583.123,156.46,248.656,599.922,203.102,236.14,612.938,245.631,257.435,645.23,235.786,267.973,635.861,193.885,281.88,621.76,146.618,170.233,743.26,340.788,139.385,642.155,321.95,157.504,667.778,357.852,1.26312,616.949,285.646,2.05747,626.489,314.903,45.6627,626.05,312.839,46.4921,614.453,284.407
263.665,316.102,36.8952,321.725,327.456,18.3426,292.522,509.5,93.1182,286.667,447.27,73.0145,322.83,448.278,34.3889,317.884,517.798,51.3726,239.259,585.864,26.9081,306.062,576.854,66.5743,269.352,583.125,156.46,248.656,599.922,203.101,236.138,612.94,245.63,257.433,645.233,235.785,267.971,635.865,193.886,281.883,621.764,146.624,170.227,743.255,340.787,139.383,642.153,321.95,157.501,667.776,357.851,1.25853,616.948,285.638,2.05294,626.477,314.898,45.6671,626.047,312.836,46.4848,614.449,284.399
263.664,316.103,36.8951,321.717,327.461,18.3391,292.522,509.501,93.1159,286.665,447.269,73.0134,322.84,448.279,34.3871,317.884,517.799,51.3718,239.257,585.865,26.9047,306.061,576.856,66.5771,269.349,583.126,156.458,248.654,599.924,203.099,236.139,612.94,245.628,257.429,645.235,235.783,267.968,635.866,193.882,281.882,621.765,146.626,170.226,743.253,340.789,139.394,642.137,321.962,157.495,667.771,357.845,1.25369,616.939,285.635,2.04819,626.469,314.892,45.6601,626.036,312.831,46.4855,614.445,284.398
263.664,316.102,36.8942,321.727,327.451,18.3465,292.524,509.506,93.1033,286.666,447.272,73.0116,322.827,448.277,34.3808,317.883,517.798,51.3698,239.255,585.864,26.9029,306.059,576.853,66.573,269.349,583.124,156.457,248.653,599.921,203.096,236.138,612.937,245.63,257.428,645.238,235.782,267.963,635.867,193.882,281.875,621.76,146.616,170.22,743.247,340.788,139.384,642.148,321.949,157.498,667.766,357.847,1.25037,616.938,285.628,2.04183,626.464,314.887,45.6563,626.032,312.821,46.4799,614.437,284.395
263.67,316.104,36.8969,321.723,327.456,18.3436,292.522,509.506,93.1011,286.664,447.271,73.01,322.829,448.272,34.3725,317.882,517.797,51.3697,239.251,585.86,26.9017,306.058,576.853,66.5701,269.346,583.123,156.454,248.65,599.919,203.093,236.137,612.935,245.625,257.428,645.237,235.781,267.959,635.866,193.878,281.879,621.763,146.625,170.204,743.24,340.774,139.393,642.13,321.96,157.495,667.762,357.844,1.2475,616.934,285.621,2.01864,626.455,314.867,45.6563,626.021,312.823,46.4741,614.424,284.397
263.669,316.105,36.8956,321.723,327.456,18.3435,292.517,509.501,93.1112,286.663,447.27,73.0097,322.826,448.277,34.3793,317.882,517.798,51.3677,239.253,585.86,26.9006,306.059,576.853,66.5715,269.345,583.119,156.452,248.666,599.901,203.049,236.136,612.932,245.622,257.426,645.234,235.78,267.957,635.864,193.879,281.873,621.757,146.614,170.218,743.239,340.791,139.398,642.125,321.961,157.495,667.757,357.841,1.24186,616.927,285.618,2.0131,626.451,314.865,45.6504,626.014,312.82,46.4697,614.419,284.396
263.668,316.104,36.8954,321.723,327.456,18.3403,292.518,509.502,93.0946,286.664,447.268,73.0077,322.83,448.271,34.3716,317.881,517.798,51.3683,239.253,585.865,26.9008,306.059,576.854,66.5693,269.342,583.117,156.45,248.648,599.914,203.091,236.131,612.93,245.627,257.421,645.229,235.774,267.955,635.863,193.876,281.874,621.756,146.614,170.217,743.233,340.793,139.397,642.123,321.96,157.494,667.752,357.843,1.23995,616.924,285.614,2.00846,626.449,314.86,45.6462,626.01,312.816,46.4684,614.416,284.391
263.666,316.101,36.8939,321.714,327.46,18.3364,292.516,509.502,93.0934,286.661,447.27,73.0071,322.828,448.272,34.3705,317.881,517.798,51.3655,239.253,585.86,26.8977,306.057,576.852,66.5646,269.337,583.116,156.447,248.644,599.911,203.088,236.128,612.924,245.627,257.419,645.223,235.774,267.955,635.862,193.875,281.87,621.754,146.613,170.218,743.231,340.796,139.402,642.118,321.96,157.493,667.745,357.841,1.23421,616.929,285.605,2.00601,626.448,314.858,45.642,626.008,312.814,46.4669,614.415,284.392
263.662,316.1,36.8924,321.724,327.45,18.3445,292.517,509.503,93.0943,286.661,447.27,73.0079,322.823,448.276,34.3789,317.879,517.798,51.365,239.254,585.862,26.8975,306.058,576.854,66.5673,269.338,583.116,156.448,248.657,599.892,203.044,236.125,612.92,245.626,257.419,645.218,235.775,267.938,635.859,193.869,281.871,621.753,146.612,170.216,743.226,340.799,139.191,641.811,321.787,157.493,667.742,357.841,1.22651,616.926,285.601,2.02892,626.385,314.795,45.6384,626.006,312.813,46.4648,614.413,284.392
263.665,316.105,36.8938,321.722,327.456,18.3429,292.515,509.501,93.0927,286.662,447.271,73.0079,322.824,448.276,34.3796,317.881,517.798,51.3664,239.254,585.866,26.8962,306.055,576.852,66.5654,269.335,583.113,156.445,248.637,599.903,203.087,236.124,612.915,245.621,257.418,645.213,235.777,267.953,635.855,193.879,281.868,621.753,146.612,170.219,743.224,340.806,139.185,641.8,321.78,157.494,667.738,357.843,1.22808,616.92,285.603,2.00106,626.443,314.854,45.6376,626.004,312.81,46.4629,614.411,284.391
263.664,316.101,36.8922,321.725,327.452,18.3427,292.509,509.497,93.1052,286.662,447.27,73.0079,322.824,448.278,34.3798,317.881,517.799,51.3663,239.252,585.868,26.8957,306.058,576.853,66.5692,269.332,583.111,156.444,248.634,599.893,203.089,236.121,612.911,245.621,257.42,645.207,235.781,267.952,635.85,193.882,281.868,621.753,146.614,170.216,743.221,340.808,139.202,641.805,321.814,157.492,667.734,357.844,1.23107,616.916,285.607,2.00029,626.443,314.855,45.6333,625.997,312.809,46.4622,614.402,284.394
263.664,316.103,36.8928,321.711,327.462,18.3371,292.509,509.498,93.1053,286.661,447.268,73.0085,322.827,448.272,34.3719,317.879,517.798,51.3671,239.255,585.861,26.8976,306.056,576.853,66.5721,269.332,583.112,156.445,248.629,599.889,203.088,236.116,612.907,245.623,257.418,645.2,235.785,267.953,635.845,193.886,281.867,621.752,146.614,170.219,743.219,340.812,139.191,641.801,321.779,157.49,667.731,357.842,1.23162,616.91,285.615,2.02677,626.375,314.797,45.6338,625.993,312.812,46.463,614.402,284.396
263.663,316.103,36.8925,321.723,327.452,18.345,292.508,509.498,93.1112,286.658,447.27,73.0104,322.823,448.276,34.3824,317.88,517.798,51.3686,239.249,585.861,26.8969,306.055,576.853,66.5726,269.332,583.109,156.447,248.627,599.887,203.09,236.114,612.904,245.626,257.413,645.193,235.797,267.958,635.842,193.891,281.866,621.751,146.617,170.22,743.221,340.815,139.204,641.805,321.814,157.49,667.731,357.844,1.23685,616.903,285.619,2.00221,626.435,314.857,45.6242,625.971,312.824,46.4633,614.402,284.394
263.661,316.103,36.8927,321.713,327.461,18.3387,292.507,509.5,93.1139,286.658,447.271,73.011,322.819,448.277,34.3831,317.877,517.798,51.3719,239.256,585.864,26.898,306.054,576.854,66.5759,269.33,583.108,156.45,248.625,599.885,203.092,236.111,612.902,245.626,257.414,645.188,235.799,267.956,635.836,193.894,281.866,621.751,146.617,170.22,743.222,340.818,139.196,641.8,321.781,157.49,667.73,357.844,1.23917,616.902,285.621,2.03037,626.367,314.8,45.6256,625.964,312.83,46.4695,614.399,284.4
263.663,316.1,36.8912,321.713,327.461,18.3397,292.507,509.501,93.1164,286.656,447.27,73.0129,322.82,448.277,34.3843,317.878,517.798,51.3729,239.251,585.862,26.9004,306.055,576.854,66.5776,269.33,583.109,156.453,248.625,599.89,203.093,236.11,612.902,245.628,257.415,645.185,235.801,267.959,635.838,193.898,281.865,621.749,146.62,170.222,743.224,340.819,139.197,641.8,321.783,157.491,667.732,357.845,1.24106,616.9,285.622,2.03149,626.363,314.801,45.6279,625.962,312.829,46.469,614.398,284.399
263.665,316.103,36.8941,321.721,327.456,18.3447,292.506,509.501,93.1185,286.656,447.269,73.0149,322.82,448.276,34.3898,317.878,517.798,51.3747,239.255,585.863,26.9049,306.055,576.855,66.5796,269.33,583.104,156.459,248.625,599.886,203.095,236.111,612.903,245.632,257.416,645.184,235.804,267.959,635.835,193.899,281.866,621.749,146.623,170.223,743.225,340.822,139.194,641.8,321.779,157.49,667.733,357.847,1.24369,616.894,285.623,2.03477,626.361,314.806,45.6318,625.963,312.834,46.4699,614.398,284.401
263.663,316.103,36.893,321.722,327.451,18.3465,292.505,509.501,93.1208,286.656,447.268,73.0164,322.819,448.277,34.389,317.877,517.799,51.3766,239.248,585.865,26.9092,306.055,576.855,66.5829,269.328,583.106,156.459,248.624,599.892,203.097,236.111,612.904,245.632,257.417,645.185,235.806,267.961,635.837,193.901,281.867,621.747,146.616,170.224,743.229,340.823,139.196,641.798,321.781,157.491,667.732,357.847,1.24549,616.895,285.629,2.03627,626.36,314.808,45.6359,625.961,312.839,46.4759,614.401,284.405
263.666,316.104,36.895,321.713,327.461,18.3396,292.507,509.5,93.1245,286.656,447.269,73.0173,322.822,448.276,34.3919,317.879,517.799,51.3775,239.248,585.863,26.91,306.056,576.856,66.5861,269.33,583.107,156.461,248.627,599.894,203.098,236.114,612.909,245.635,257.418,645.187,235.808,267.963,635.838,193.905,281.874,621.749,146.639,170.224,743.231,340.822,139.21,641.805,321.813,157.495,667.735,357.849,1.24528,616.896,285.634,2.03802,626.357,314.811,45.6372,625.961,312.84,46.4727,614.4,284.404
263.667,316.104,36.8949,321.721,327.457,18.3435,292.508,509.5,93.1255,286.656,447.27,73.0188,322.821,448.276,34.3952,317.867,517.795,51.4074,239.256,585.87,26.9127,306.059,576.856,66.5872,269.334,583.107,156.466,248.629,599.894,203.101,236.116,612.912,245.636,257.419,645.192,235.807,267.964,635.837,193.909,281.875,621.751,146.631,170.225,743.232,340.825,139.2,641.798,321.783,157.494,667.736,357.848,1.24961,616.894,285.63,2.04037,626.354,314.814,45.6378,625.964,312.843,46.4759,614.399,284.406
263.662,316.103,36.8927,321.723,327.45,18.3474,292.509,509.499,93.1275,286.656,447.269,73.0192,322.823,448.276,34.3929,317.881,517.798,51.3813,239.252,585.869,26.9116,306.058,576.855,66.5884,269.336,583.107,156.468,248.632,599.896,203.103,236.12,612.918,245.638,257.419,645.196,235.806,267.966,635.84,193.907,281.87,621.746,146.622,170.227,743.234,340.829,139.199,641.798,321.783,157.496,667.738,357.851,1.24859,616.89,285.636,2.04001,626.354,314.818,45.64,625.962,312.847,46.4791,614.403,284.41
263.663,316.104,36.8934,321.713,327.461,18.3412,292.511,509.496,93.129,286.656,447.269,73.02,322.821,448.275,34.3946,317.869,517.794,51.4098,239.257,585.868,26.9108,306.059,576.855,66.5917,269.337,583.108,156.468,248.636,599.901,203.107,236.126,612.924,245.639,257.428,645.209,235.803,267.967,635.843,193.908,281.876,621.752,146.638,170.228,743.241,340.843,139.202,641.801,321.785,157.499,667.739,357.852,1.24924,616.89,285.64,2.0598,626.35,314.835,45.642,625.964,312.848,46.478,614.401,284.412
263.669,316.114,36.8358,321.724,327.451,18.3478,292.514,509.495,93.1314,286.657,447.269,73.0204,322.824,448.277,34.3944,317.87,517.795,51.4091,239.255,585.865,26.9151,306.059,576.854,66.5906,269.34,583.11,156.472,248.639,599.905,203.108,236.128,612.929,245.64,257.429,645.216,235.802,267.966,635.847,193.907,281.879,621.752,146.634,170.227,743.242,340.844,139.202,641.802,321.79,157.499,667.742,357.852,1.25003,616.895,285.642,2.06053,626.351,314.837,45.6413,625.964,312.851,46.5664,614.501,284.468
263.665,316.102,36.8921,321.722,327.457,18.3459,292.515,509.494,93.1326,286.659,447.268,73.0217,322.825,448.278,34.3962,317.868,517.794,51.4094,239.259,585.863,26.9174,306.06,576.854,66.5939,269.343,583.112,156.473,248.643,599.909,203.11,236.13,612.932,245.64,257.427,645.226,235.811,267.968,635.85,193.908,281.875,621.749,146.633,170.227,743.243,340.845,139.426,642.099,322.008,157.502,667.742,357.855,1.25311,616.89,285.656,2.0621,626.349,314.844,45.643,625.963,312.858,46.5665,614.501,284.473
263.666,316.103,36.8953,321.715,327.46,18.3429,292.513,509.496,93.1332,286.66,447.268,73.0229,322.826,448.274,34.398,317.871,517.794,51.4127,239.264,585.868,26.9179,306.061,576.852,66.5954,269.347,583.116,156.477,248.648,599.918,203.111,236.133,612.935,245.642,257.425,645.231,235.807,267.967,635.856,193.908,281.879,621.756,146.633,170.225,743.245,340.846,139.419,642.102,321.977,157.505,667.744,357.859,1.25501,616.892,285.658,2.06083,626.35,314.849,45.6445,625.964,312.862,46.5675,614.504,284.472
263.664,316.104,36.8945,321.724,327.451,18.3531,292.518,509.494,93.137,286.662,447.268,73.024,322.828,448.273,34.398,317.872,517.794,51.4137,239.264,585.87,26.9142,306.06,576.851,66.5964,269.35,583.118,156.477,248.651,599.921,203.113,236.135,612.942,245.649,257.427,645.236,235.81,267.967,635.859,193.907,281.881,621.757,146.636,170.225,743.244,340.849,139.417,642.1,321.977,157.504,667.746,357.859,1.25202,616.891,285.661,2.06033,626.345,314.854,45.6431,625.963,312.864,46.564,614.504,284.475
263.668,316.103,36.896,321.726,327.449,18.3521,292.519,509.494,93.1379,286.662,447.268,73.025,322.828,448.274,34.4014,317.831,517.724,51.3642,239.26,585.867,26.9162,306.066,576.857,66.61,269.352,583.119,156.48,248.655,599.922,203.115,236.137,612.939,245.649,257.426,645.24,235.81,267.965,635.863,193.909,281.879,621.758,146.635,170.222,743.246,340.851,139.416,642.098,321.978,157.502,667.746,357.861,1.25028,616.89,285.664,2.06034,626.345,314.858,45.642,625.962,312.867,46.5659,614.504,284.479
263.665,316.103,36.8956,321.716,327.458,18.3475,292.519,509.495,93.142,286.662,447.265,73.0248,322.827,448.273,34.404,317.869,517.792,51.4164,239.259,585.86,26.9156,306.06,576.85,66.6002,269.352,583.121,156.481,248.654,599.925,203.116,236.136,612.94,245.65,257.424,645.24,235.811,267.961,635.867,193.909,281.878,621.761,146.638,170.22,743.244,340.854,139.416,642.099,321.982,157.502,667.744,357.865,1.24922,616.889,285.665,2.05791,626.342,314.861,45.6415,625.958,312.873,46.5617,614.503,284.477
263.666,316.102,36.8956,321.723,327.455,18.3515,292.515,509.496,93.1418,286.659,447.265,73.0288,322.826,448.273,34.4054,317.828,517.723,51.3684,239.262,585.86,26.9139,306.058,576.85,66.601,269.35,583.122,156.483,248.653,599.926,203.119,236.136,612.94,245.653,257.424,645.241,235.814,267.959,635.868,193.91,281.878,621.761,146.639,170.218,743.245,340.857,139.424,642.102,322.013,157.5,667.746,357.865,1.24705,616.888,285.667,2.0572,626.342,314.861,45.6403,625.961,312.871,46.5621,614.501,284.479
263.666,316.101,36.8952,321.723,327.454,18.3535,292.52,509.494,93.1448,286.657,447.265,73.0316,322.824,448.272,34.4099,317.867,517.791,51.4196,239.258,585.862,26.9213,306.056,576.849,66.6046,269.348,583.122,156.484,248.651,599.925,203.119,236.135,612.94,245.654,257.416,645.24,235.822,267.961,635.869,193.912,281.876,621.76,146.639,170.213,743.242,340.859,139.425,642.094,322.022,157.502,667.746,357.868,1.2396,616.884,285.672,2.05332,626.34,314.862,45.6307,625.957,312.871,46.5614,614.505,284.478
263.664,316.099,36.8941,321.712,327.464,18.3482,292.519,509.493,93.1468,286.657,447.265,73.0318,322.823,448.271,34.4146,317.826,517.722,51.37,239.268,585.869,26.9353,306.06,576.855,66.6189,269.348,583.12,156.486,248.648,599.922,203.12,236.132,612.942,245.653,257.411,645.239,235.823,267.959,635.868,193.913,281.873,621.761,146.642,170.212,743.242,340.862,139.422,642.102,322.015,157.494,667.741,357.867,1.23682,616.884,285.671,2.0512,626.34,314.862,45.6326,625.957,312.874,46.5588,614.502,284.482
263.665,316.1,36.8937,321.724,327.448,18.3575,292.518,509.493,93.1494,286.655,447.262,73.0349,322.821,448.271,34.4133,317.823,517.72,51.3704,239.269,585.873,26.9379,306.058,576.855,66.6201,269.343,583.119,156.488,248.646,599.921,203.123,236.129,612.934,245.656,257.411,645.234,235.827,267.953,635.865,193.915,281.871,621.758,146.642,170.206,743.24,340.863,139.213,641.801,321.848,157.494,667.742,357.869,1.23406,616.882,285.671,2.0453,626.338,314.87,45.6284,625.958,312.87,46.5503,614.502,284.478
263.664,316.1,36.8935,321.724,327.447,18.3612,292.516,509.491,93.1505,286.654,447.26,73.0359,322.822,448.267,34.4142,317.866,517.791,51.4238,239.253,585.858,26.9285,306.058,576.854,66.6223,269.337,583.115,156.49,248.64,599.91,203.124,236.128,612.932,245.658,257.408,645.232,235.83,267.951,635.861,193.918,281.869,621.758,146.643,170.205,743.237,340.864,139.204,641.795,321.841,157.49,667.739,357.869,1.2293,616.882,285.668,2.02082,626.339,314.857,45.6245,625.953,312.87,46.5472,614.502,284.477
263.661,316.098,36.8927,321.721,327.453,18.358,292.506,509.486,93.1526,286.652,447.26,73.0345,322.835,448.265,34.4311,317.821,517.719,51.3734,239.254,585.861,26.9274,306.049,576.846,66.6121,269.334,583.113,156.491,248.63,599.909,203.131,236.121,612.932,245.658,257.405,645.227,235.832,267.927,635.845,193.924,281.868,621.755,146.647,170.201,743.235,340.865,139.203,641.797,321.845,157.48,667.736,357.866,1.22678,616.881,285.665,2.03767,626.335,314.863,45.6106,625.958,312.864,46.5453,614.5,284.477
263.662,316.098,36.8924,321.723,327.446,18.3625,292.502,509.485,93.1517,286.648,447.259,73.0357,322.833,448.264,34.4329,317.864,517.789,51.426,239.252,585.859,26.9315,306.049,576.845,66.6162,269.328,583.108,156.492,248.626,599.903,203.132,236.114,612.926,245.659,257.401,645.219,235.834,267.923,635.84,193.925,281.864,621.751,146.646,170.176,743.222,340.864,139.196,641.805,321.833,157.473,667.733,357.866,1.21986,616.88,285.655,2.01856,626.331,314.846,45.6053,625.949,312.86,46.5367,614.502,284.471
263.662,316.098,36.8929,321.722,327.451,18.36,292.499,509.483,93.1531,286.647,447.257,73.037,322.828,448.263,34.4339,317.818,517.717,51.3757,239.246,585.85,26.9308,306.054,576.851,66.6275,269.323,583.104,156.494,248.617,599.898,203.129,236.107,612.919,245.657,257.399,645.212,235.838,267.908,635.835,193.919,281.863,621.747,146.65,170.17,743.218,340.861,139.197,641.796,321.84,157.474,667.726,357.896,1.21287,616.879,285.653,2.01478,626.328,314.837,45.5991,625.95,312.854,46.5322,614.503,284.469
263.661,316.095,36.892,321.721,327.45,18.3607,292.495,509.481,93.1549,286.645,447.256,73.0363,322.83,448.263,34.4366,317.814,517.715,51.3754,239.264,585.868,26.94,306.053,576.849,66.629,269.303,583.086,156.493,248.606,599.898,203.133,236.1,612.914,245.659,257.395,645.203,235.84,267.919,635.828,193.93,281.861,621.741,146.652,170.166,743.216,340.859,139.193,641.797,321.837,157.467,667.723,357.894,1.20652,616.879,285.647,2.01195,626.329,314.831,45.5945,625.947,312.852,46.5297,614.503,284.464
263.661,316.096,36.8906,321.722,327.451,18.3589,292.492,509.481,93.1529,286.642,447.256,73.0369,322.83,448.261,34.4363,317.815,517.717,51.3758,239.252,585.86,26.9307,306.046,576.844,66.6167,269.297,583.083,156.494,248.594,599.886,203.13,236.091,612.906,245.654,257.392,645.196,235.844,267.903,635.822,193.922,281.859,621.737,146.655,170.154,743.212,340.859,139.179,641.799,321.8,157.463,667.721,357.89,1.20153,616.88,285.642,2.00666,626.326,314.827,45.5929,625.946,312.847,46.5262,614.501,284.459
263.662,316.097,36.8916,321.722,327.451,18.3593,292.489,509.482,93.1524,286.642,447.257,73.0351,322.83,448.264,34.4378,317.813,517.717,51.3764,239.248,585.86,26.9289,306.052,576.849,66.6277,269.288,583.068,156.496,248.589,599.882,203.13,236.085,612.904,245.654,257.376,645.176,235.84,267.901,635.814,193.926,281.861,621.733,146.656,170.151,743.211,340.859,139.156,641.798,321.787,157.456,667.719,357.888,1.19494,616.883,285.64,1.99239,626.328,314.825,45.5915,625.951,312.837,46.5222,614.499,284.458
263.661,316.098,36.8916,321.722,327.451,18.3597,292.475,509.478,93.1804,286.641,447.261,73.0365,322.814,448.268,34.4214,317.813,517.716,51.3754,239.25,585.858,26.9201,306.047,576.843,66.6184,269.282,583.065,156.493,248.574,599.882,203.122,236.073,612.9,245.651,257.373,645.172,235.841,267.898,635.808,193.923,281.882,621.684,146.681,170.149,743.21,340.857,139.152,641.801,321.781,157.449,667.717,357.881,1.19189,616.882,285.636,1.99432,626.325,314.815,45.5884,625.947,312.838,46.5178,614.502,284.451
263.66,316.097,36.8905,321.721,327.453,18.3575,292.472,509.479,93.1784,286.641,447.26,73.035,322.813,448.266,34.4186,317.812,517.717,51.3747,239.253,585.857,26.9211,306.044,576.844,66.6173,269.278,583.061,156.493,248.566,599.879,203.12,236.068,612.898,245.65,257.37,645.164,235.837,267.897,635.803,193.926,281.871,621.675,146.669,170.144,743.209,340.853,139.144,641.802,321.774,157.439,667.722,357.847,1.18809,616.882,285.631,1.98943,626.326,314.811,45.578,625.942,312.833,46.5145,614.501,284.448
263.661,316.098,36.8911,321.72,327.453,18.3555,292.472,509.482,93.1763,286.641,447.262,73.0329,322.815,448.27,34.419,317.813,517.719,51.3742,239.254,585.856,26.9148,306.044,576.844,66.6133,269.219,583.042,156.499,248.561,599.875,203.116,236.06,612.896,245.645,257.393,645.151,235.76,267.896,635.799,193.924,281.86,621.662,146.654,170.141,743.208,340.852,139.144,641.799,321.775,157.436,667.72,357.842,1.18381,616.881,285.625,1.98685,626.328,314.806,45.5727,625.942,312.826,46.5092,614.501,284.44
263.661,316.098,36.8908,321.723,327.447,18.3598,292.483,509.488,93.1456,286.64,447.262,73.0305,322.813,448.271,34.4142,317.809,517.718,51.3695,239.249,585.86,26.9154,306.043,576.846,66.6099,269.267,583.058,156.488,248.557,599.873,203.112,236.055,612.894,245.642,257.39,645.148,235.753,267.884,635.79,193.924,281.859,621.659,146.654,170.123,743.205,340.834,139.139,641.803,321.77,157.433,667.72,357.838,1.18307,616.883,285.622,1.98408,626.328,314.804,45.5723,625.941,312.824,46.5042,614.499,284.436
263.66,316.099,36.8909,321.719,327.454,18.3539,292.483,509.489,93.141,286.642,447.264,73.0289,322.813,448.271,34.4102,317.812,517.721,51.3708,239.247,585.864,26.9163,306.039,576.846,66.6061,269.266,583.057,156.485,248.555,599.874,203.11,236.052,612.895,245.637,257.363,645.162,235.831,267.882,635.789,193.92,281.859,621.661,146.652,170.12,743.204,340.831,139.14,641.802,321.771,157.428,667.718,357.834,1.17952,616.876,285.614,1.98298,626.326,314.801,45.568,625.941,312.818,46.5052,614.505,284.433
263.661,316.1,36.8916,321.711,327.459,18.3494,292.483,509.493,93.137,286.641,447.265,73.0253,322.814,448.274,34.4092,317.81,517.723,51.3654,239.251,585.859,26.9064,306.04,576.848,66.6007,269.214,583.041,156.491,248.553,599.875,203.106,236.043,612.896,245.629,257.362,645.161,235.829,267.88,635.79,193.915,281.858,621.66,146.65,170.118,743.205,340.829,139.136,641.804,321.766,157.427,667.717,357.832,1.17694,616.88,285.609,1.98171,626.329,314.798,45.5627,625.942,312.812,46.5001,614.502,284.431
263.661,316.1,36.8915,321.722,327.449,18.3541,292.483,509.493,93.1321,286.64,447.266,73.0227,322.809,448.275,34.4013,317.81,517.72,51.3598,239.25,585.867,26.9028,306.038,576.85,66.5977,269.212,583.043,156.485,248.549,599.875,203.099,236.041,612.896,245.624,257.36,645.166,235.824,267.886,635.798,193.911,281.858,621.662,146.646,170.116,743.206,340.825,139.132,641.805,321.761,157.423,667.716,357.824,1.17537,616.879,285.607,1.97869,626.33,314.794,45.5605,625.94,312.812,46.5007,614.506,284.426
263.66,316.101,36.8909,321.713,327.46,18.3478,292.484,509.495,93.1274,286.64,447.269,73.0201,322.81,448.276,34.3981,317.81,517.723,51.3582,239.246,585.868,26.8969,306.037,576.851,66.5911,269.269,583.075,156.471,248.551,599.874,203.098,236.04,612.898,245.619,257.358,645.169,235.818,267.881,635.803,193.903,281.858,621.667,146.641,170.114,743.206,340.821,139.132,641.806,321.758,157.422,667.716,357.822,1.17243,616.881,285.603,1.9786,626.331,314.79,45.5475,625.943,312.81,46.498,614.504,284.426
263.661,316.101,36.891,321.711,327.462,18.3469,292.484,509.496,93.1249,286.641,447.27,73.0188,322.807,448.277,34.3928,317.809,517.727,51.3542,239.251,585.867,26.8877,306.035,576.853,66.5867,269.271,583.087,156.461,248.553,599.878,203.093,236.041,612.901,245.615,257.357,645.175,235.813,267.88,635.809,193.897,281.833,621.712,146.613,170.114,743.206,340.818,139.12,641.822,321.739,157.422,667.716,357.82,1.16996,616.883,285.602,1.97432,626.331,314.79,45.5414,625.946,312.808,46.4955,614.509,284.423
263.661,316.102,36.8917,321.71,327.461,18.3434,292.484,509.497,93.12,286.641,447.272,73.0148,322.806,448.281,34.3888,317.808,517.729,51.3516,239.247,585.868,26.884,306.02,576.856,66.5808,269.272,583.092,156.457,248.551,599.887,203.088,236.042,612.902,245.61,257.356,645.182,235.807,267.878,635.817,193.89,281.839,621.729,146.619,170.113,743.207,340.816,139.129,641.808,321.75,157.421,667.719,357.816,1.16876,616.884,285.601,1.97353,626.337,314.789,45.5412,625.951,312.804,46.4932,614.509,284.42
263.66,316.102,36.8918,321.709,327.462,18.3438,292.484,509.499,93.1169,286.641,447.271,73.0128,322.804,448.279,34.3827,317.778,517.931,51.4657,239.238,585.87,26.8838,306.016,576.858,66.5736,269.275,583.098,156.452,248.553,599.893,203.084,236.038,612.905,245.605,257.358,645.194,235.8,267.873,635.825,193.881,281.837,621.737,146.615,170.118,743.209,340.807,139.12,641.825,321.734,157.419,667.719,357.812,1.16716,616.888,285.601,1.97467,626.341,314.787,45.539,625.952,312.805,46.4916,614.513,284.419
263.663,316.113,36.8332,321.709,327.463,18.341,292.483,509.501,93.1114,286.639,447.275,73.0113,322.801,448.281,34.3776,317.73,517.862,51.4132,239.229,585.862,26.8784,306.013,576.86,66.5725,269.277,583.106,156.448,248.557,599.901,203.081,236.032,612.922,245.599,257.36,645.202,235.799,267.871,635.832,193.875,281.831,621.746,146.609,170.116,743.21,340.806,139.116,641.826,321.732,157.418,667.719,357.81,1.16578,616.892,285.602,1.97402,626.344,314.788,45.5373,625.96,312.806,46.4938,614.516,284.424
263.662,316.113,36.833,321.709,327.463,18.3419,292.481,509.502,93.1106,286.591,447.253,72.9353,322.799,448.282,34.3751,317.724,517.866,51.4066,239.229,585.866,26.8762,306.007,576.862,66.5647,269.277,583.112,156.443,248.56,599.907,203.079,236.035,612.928,245.596,257.359,645.209,235.793,267.868,635.84,193.869,281.827,621.753,146.604,170.115,743.215,340.804,139.113,641.828,321.727,157.393,667.733,357.794,1.15459,616.91,285.605,1.97128,626.348,314.79,45.5372,625.965,312.807,46.4891,614.525,284.415
263.659,316.102,36.8902,321.707,327.463,18.3421,292.478,509.503,93.1094,286.589,447.255,72.9339,322.797,448.284,34.3749,317.722,517.866,51.4058,239.221,585.859,26.872,306.002,576.864,66.5642,269.28,583.121,156.44,248.561,599.914,203.077,236.035,612.933,245.594,257.358,645.217,235.789,267.861,635.848,193.862,281.776,621.887,146.36,170.113,743.216,340.802,139.113,641.83,321.728,157.418,667.725,357.806,1.16747,616.909,285.605,1.97028,626.353,314.793,45.5531,625.999,312.794,46.49,614.523,284.423
263.658,316.1,36.8896,321.706,327.463,18.3434,292.473,509.504,93.1084,286.588,447.256,72.9336,322.79,448.298,34.3738,317.713,517.863,51.3997,239.216,585.86,26.8723,305.997,576.865,66.5623,269.281,583.127,156.438,248.566,599.923,203.08,236.037,612.939,245.594,257.366,645.235,235.792,267.85,635.859,193.851,281.763,621.898,146.346,170.107,743.22,340.805,139.111,641.837,321.724,157.397,667.741,357.798,1.15451,616.916,285.61,1.97085,626.358,314.796,45.5398,626.01,312.812,46.4866,614.535,284.417
263.656,316.1,36.8895,321.707,327.463,18.3439,292.471,509.505,93.1083,286.583,447.256,72.9367,322.783,448.299,34.3714,317.709,517.863,51.4004,239.207,585.857,26.8687,305.993,576.868,66.5609,269.283,583.136,156.437,248.572,599.928,203.076,236.04,612.944,245.594,257.363,645.244,235.789,267.845,635.869,193.845,281.765,621.901,146.351,170.106,743.223,340.804,139.109,641.848,321.722,157.395,667.745,357.798,1.15209,616.922,285.611,1.97123,626.362,314.796,45.539,626.013,312.813,46.488,614.538,284.414
263.658,316.112,36.835,321.705,327.464,18.3447,292.465,509.507,93.1082,286.579,447.256,72.937,322.783,448.299,34.3816,317.7,517.868,51.3913,239.196,585.864,26.8763,305.987,576.867,66.5598,269.282,583.141,156.437,248.572,599.938,203.077,236.041,612.952,245.594,257.361,645.254,235.791,267.84,635.878,193.841,281.764,621.904,146.351,170.069,743.243,340.791,139.106,641.852,321.724,157.394,667.749,357.799,1.15168,616.925,285.608,1.9691,626.362,314.796,45.538,626.015,312.813,46.4888,614.545,284.414
263.656,316.111,36.8324,321.703,327.469,18.344,292.461,509.505,93.1115,286.575,447.255,72.9382,322.776,448.298,34.3762,317.695,517.868,51.3923,239.197,585.855,26.8742,305.983,576.871,66.5653,269.273,583.153,156.429,248.569,599.945,203.083,236.042,612.958,245.596,257.36,645.261,235.791,267.833,635.886,193.839,281.76,621.906,146.352,170.064,743.247,340.788,139.1,641.861,321.72,157.39,667.752,357.801,1.1493,616.927,285.608,1.96887,626.365,314.796,45.5328,626.016,312.813,46.4861,614.548,284.412
263.651,316.098,36.8874,321.703,327.467,18.3437,292.455,509.505,93.1128,286.57,447.255,72.9407,322.771,448.299,34.3781,317.69,517.866,51.394,239.187,585.856,26.8789,305.975,576.87,66.5648,269.273,583.16,156.433,248.569,599.951,203.084,236.043,612.965,245.602,257.355,645.265,235.789,267.832,635.892,193.839,281.76,621.909,146.354,170.058,743.25,340.788,139.097,641.865,321.723,157.391,667.759,357.803,1.14796,616.93,285.609,1.9669,626.368,314.797,45.5287,626.022,312.81,46.4781,614.558,284.411
263.653,316.11,36.8316,321.703,327.464,18.3474,292.451,509.506,93.118,286.566,447.254,72.9443,322.77,448.297,34.3824,317.686,517.866,51.3958,239.185,585.855,26.8805,305.97,576.872,66.5669,269.268,583.16,156.431,248.569,599.955,203.088,236.042,612.968,245.606,257.352,645.273,235.79,267.824,635.896,193.837,281.748,621.908,146.343,170.052,743.255,340.789,139.092,641.865,321.725,157.388,667.763,357.805,1.14252,616.927,285.602,1.96197,626.373,314.796,45.5259,626.025,312.813,46.4751,614.557,284.411
263.648,316.096,36.8849,321.703,327.462,18.3501,292.433,509.501,93.1518,286.558,447.259,72.9508,322.741,448.3,34.3765,317.683,517.866,51.3975,239.157,585.863,26.8919,305.954,576.877,66.5832,269.265,583.162,156.435,248.566,599.958,203.089,236.039,612.972,245.608,257.349,645.276,235.793,267.822,635.898,193.839,281.744,621.909,146.342,170.047,743.258,340.789,139.162,641.992,321.812,157.384,667.765,357.808,1.13945,616.937,285.609,1.95043,626.379,314.8,45.5185,626.028,312.814,46.4594,614.564,284.41
263.65,316.107,36.8302,321.699,327.468,18.3491,292.427,509.502,93.154,286.555,447.258,72.9528,322.73,448.297,34.3772,317.679,517.865,51.3986,239.153,585.862,26.8975,305.95,576.877,66.584,269.262,583.162,156.439,248.555,599.967,203.091,236.037,612.975,245.61,257.346,645.278,235.795,267.818,635.901,193.842,281.741,621.908,146.341,170.045,743.262,340.793,139.163,641.996,321.821,157.381,667.768,357.811,1.1375,616.939,285.607,1.95206,626.379,314.794,45.5141,626.033,312.816,46.4573,614.564,284.413
263.647,316.096,36.8849,321.702,327.463,18.3526,292.425,509.499,93.156,286.552,447.257,72.9563,322.728,448.295,34.3818,317.675,517.864,51.4003,239.151,585.858,26.8971,305.949,576.878,66.5916,269.256,583.161,156.443,248.552,599.965,203.094,236.032,612.976,245.613,257.342,645.279,235.798,267.815,635.901,193.844,281.737,621.907,146.342,170.04,743.263,340.794,139.159,641.998,321.823,157.379,667.771,357.811,1.13376,616.941,285.607,1.9428,626.387,314.799,45.5088,626.037,312.817,46.4505,614.567,284.409
263.649,316.107,36.832,321.7,327.466,18.3556,292.42,509.498,93.1586,286.547,447.257,72.9581,322.726,448.295,34.3859,317.673,517.864,51.4024,239.146,585.856,26.8993,305.945,576.876,66.5945,269.251,583.159,156.446,248.546,599.963,203.096,236.028,612.975,245.616,257.339,645.28,235.801,267.813,635.899,193.848,281.733,621.906,146.341,170.035,743.264,340.797,139.154,641.999,321.826,157.369,667.767,357.818,1.12468,616.947,285.606,1.93916,626.393,314.801,45.5055,626.038,312.819,46.4427,614.565,284.411
263.641,316.104,36.8268,321.699,327.466,18.3556,292.416,509.496,93.161,286.547,447.258,72.9596,322.724,448.294,34.3888,317.673,517.867,51.4059,239.148,585.862,26.9022,305.944,576.875,66.5981,269.244,583.156,156.448,248.534,599.959,203.097,236.025,612.972,245.619,257.336,645.277,235.805,267.81,635.896,193.854,281.73,621.904,146.339,170.032,743.264,340.798,139.153,642.001,321.829,157.376,667.773,357.817,1.12477,616.947,285.608,1.93269,626.396,314.802,45.5011,626.04,312.819,46.4385,614.564,284.415
263.646,316.106,36.8299,321.7,327.461,18.3579,292.413,509.495,93.163,286.544,447.255,72.962,322.726,448.284,34.3989,317.669,517.865,51.4048,239.145,585.857,26.9047,305.943,576.874,66.6019,269.24,583.152,156.454,248.529,599.955,203.1,236.019,612.969,245.622,257.332,645.275,235.81,267.807,635.892,193.857,281.725,621.902,146.338,170.029,743.265,340.804,139.151,642.001,321.837,157.365,667.77,357.824,1.1205,616.953,285.604,1.92764,626.397,314.811,45.4856,626.022,312.834,46.4411,614.565,284.417
263.638,316.093,36.8789,321.701,327.462,18.3582,292.412,509.493,93.1684,286.542,447.256,72.9628,322.724,448.283,34.4004,317.671,517.864,51.4094,239.142,585.855,26.9148,305.942,576.873,66.6063,269.233,583.146,156.459,248.517,599.957,203.118,236.016,612.966,245.626,257.329,645.268,235.815,267.804,635.885,193.863,281.724,621.901,146.337,170.027,743.265,340.805,139.154,642.001,321.828,157.363,667.771,357.828,1.12047,616.954,285.606,1.92555,626.4,314.805,45.4945,626.043,312.82,46.4379,614.568,284.415
263.639,316.093,36.8812,321.7,327.461,18.3582,292.41,509.494,93.1706,286.543,447.254,72.9666,322.727,448.282,34.4073,317.669,517.865,51.4108,239.144,585.857,26.9143,305.942,576.872,66.6113,269.228,583.141,156.462,248.511,599.949,203.121,236.011,612.958,245.631,257.329,645.26,235.821,267.804,635.878,193.868,281.721,621.898,146.337,170.027,743.266,340.81,139.146,642,321.839,157.361,667.772,357.829,1.11827,616.954,285.604,1.92698,626.398,314.8,45.4947,626.043,312.821,46.4355,614.568,284.414
263.637,316.103,36.8256,321.697,327.466,18.3571,292.41,509.493,93.1721,286.543,447.253,72.9689,322.725,448.282,34.4099,317.67,517.865,51.4138,239.143,585.847,26.9142,305.944,576.87,66.6171,269.223,583.125,156.478,248.504,599.942,203.123,236.007,612.953,245.634,257.328,645.25,235.828,267.801,635.87,193.875,281.72,621.896,146.337,170.025,743.264,340.812,139.145,642,321.843,157.359,667.771,357.83,1.11789,616.954,285.603,1.9268,626.398,314.8,45.4942,626.045,312.822,46.4347,614.567,284.414
263.637,316.101,36.822,321.699,327.46,18.359,292.41,509.494,93.1759,286.588,447.273,73.045,322.729,448.281,34.413,317.672,517.864,51.416,239.151,585.855,26.9238,305.947,576.867,66.6218,269.216,583.119,156.479,248.499,599.935,203.124,236.003,612.946,245.636,257.32,645.239,235.858,267.802,635.863,193.881,281.719,621.893,146.335,170.027,743.264,340.811,139.141,642,321.842,157.357,667.77,357.833,1.11599,616.95,285.599,1.921,626.402,314.802,45.4902,626.043,312.822,46.4347,614.565,284.416
263.636,316.091,36.8784,321.699,327.459,18.3595,292.412,509.492,93.1775,286.543,447.253,72.973,322.731,448.278,34.4173,317.673,517.863,51.417,239.151,585.855,26.9254,305.95,576.866,66.6235,269.208,583.107,156.484,248.493,599.925,203.126,236,612.94,245.637,257.314,645.221,235.855,267.805,635.853,193.888,281.719,621.891,146.335,170.028,743.262,340.812,139.148,642.004,321.829,157.354,667.77,357.832,1.11791,616.949,285.595,1.92521,626.4,314.797,45.4936,626.043,312.821,46.436,614.568,284.412
263.64,316.103,36.8277,321.702,327.46,18.3615,292.413,509.491,93.1794,286.589,447.271,73.0471,322.757,448.273,34.4273,317.685,517.855,51.4256,239.159,585.858,26.9304,305.952,576.865,66.6283,269.206,583.102,156.486,248.492,599.916,203.129,235.998,612.935,245.64,257.314,645.205,235.861,267.802,635.838,193.895,281.72,621.88,146.341,170.029,743.262,340.812,139.143,642,321.842,157.357,667.761,357.864,1.11545,616.95,285.595,1.9256,626.401,314.794,45.4917,626.045,312.819,46.4338,614.567,284.411
263.639,316.103,36.8233,321.701,327.459,18.3606,292.418,509.494,93.1855,286.594,447.269,73.0481,322.761,448.272,34.429,317.687,517.855,51.425,239.158,585.859,26.927,305.96,576.864,66.6299,269.165,583.074,156.489,248.486,599.911,203.128,235.996,612.933,245.634,257.311,645.199,235.859,267.806,635.83,193.898,281.722,621.877,146.341,170.03,743.262,340.812,139.14,641.997,321.84,157.356,667.759,357.864,1.11774,616.957,285.599,1.92415,626.398,314.791,45.4907,626.043,312.817,46.4351,614.565,284.41
263.645,316.104,36.826,321.701,327.459,18.3604,292.422,509.491,93.1828,286.596,447.269,73.0476,322.765,448.273,34.4298,317.691,517.854,51.4248,239.19,585.847,26.923,305.965,576.863,66.628,269.165,583.07,156.489,248.487,599.907,203.128,235.996,612.93,245.634,257.313,645.192,235.862,267.807,635.816,193.917,281.725,621.874,146.341,170.031,743.258,340.808,139.152,641.989,321.831,157.355,667.758,357.861,1.11714,616.951,285.591,1.9256,626.4,314.789,45.4914,626.043,312.813,46.4346,614.57,284.407
263.648,316.107,36.8286,321.704,327.459,18.3594,292.426,509.489,93.1805,286.6,447.269,73.0456,322.768,448.274,34.426,317.696,517.855,51.4279,239.196,585.849,26.9233,305.969,576.863,66.6295,269.207,583.087,156.489,248.486,599.903,203.126,235.996,612.928,245.634,257.314,645.187,235.863,267.817,635.81,193.924,281.726,621.873,146.34,170.034,743.257,340.808,139.154,641.989,321.832,157.353,667.761,357.829,1.11755,616.949,285.589,1.92656,626.398,314.787,45.4941,626.042,312.814,46.4348,614.568,284.406
263.649,316.107,36.8283,321.704,327.459,18.3565,292.432,509.487,93.183,286.605,447.271,73.0433,322.771,448.273,34.4255,317.699,517.854,51.4271,239.197,585.851,26.9189,305.974,576.861,66.6275,269.212,583.085,156.487,248.491,599.9,203.128,235.997,612.925,245.636,257.316,645.185,235.862,267.821,635.805,193.924,281.777,621.723,146.676,170.036,743.254,340.808,139.142,641.988,321.838,157.354,667.76,357.828,1.11822,616.948,285.589,1.92607,626.399,314.786,45.4918,626.04,312.81,46.4379,614.571,284.406
263.652,316.109,36.8305,321.706,327.459,18.3565,292.438,509.489,93.1786,286.61,447.269,73.0418,322.783,448.277,34.4238,317.71,517.858,51.4309,239.209,585.858,26.9211,305.99,576.855,66.614,269.177,583.064,156.492,248.494,599.898,203.124,235.999,612.926,245.628,257.318,645.184,235.86,267.829,635.811,193.909,281.791,621.728,146.632,170.037,743.25,340.805,139.142,641.985,321.832,157.352,667.754,357.825,1.11983,616.948,285.586,1.92834,626.397,314.784,45.4934,626.04,312.812,46.4402,614.568,284.402
263.652,316.098,36.8866,321.706,327.458,18.3533,292.445,509.488,93.1753,286.618,447.265,73.0348,322.791,448.277,34.4222,317.783,517.726,51.3747,239.217,585.863,26.9156,305.996,576.855,66.6109,269.183,583.064,156.489,248.5,599.899,203.122,236.001,612.924,245.63,257.319,645.186,235.859,267.833,635.812,193.907,281.794,621.727,146.626,170.04,743.247,340.802,139.148,641.976,321.838,157.355,667.752,357.822,1.11939,616.955,285.59,1.92827,626.395,314.784,45.4929,626.038,312.809,46.4391,614.568,284.399
263.656,316.11,36.8316,321.704,327.466,18.3474,292.45,509.489,93.173,286.624,447.263,73.0317,322.793,448.277,34.4165,317.789,517.724,51.3709,239.213,585.854,26.912,305.999,576.855,66.6065,269.231,583.083,156.483,248.517,599.893,203.112,236.006,612.924,245.629,257.321,645.189,235.855,267.84,635.812,193.907,281.809,621.729,146.633,170.041,743.244,340.801,139.149,641.961,321.835,157.354,667.747,357.819,1.12115,616.955,285.591,1.92902,626.396,314.784,45.4962,626.038,312.808,46.4418,614.57,284.4
263.658,316.111,36.8311,321.708,327.46,18.3518,292.457,509.488,93.169,286.626,447.265,73.0304,322.796,448.278,34.4119,317.793,517.725,51.3679,239.227,585.856,26.9034,306.003,576.855,66.6035,269.252,583.096,156.478,248.522,599.896,203.11,236.008,612.925,245.626,257.33,645.194,235.826,267.842,635.815,193.903,281.761,621.875,146.362,170.046,743.241,340.802,139.149,641.956,321.83,157.357,667.745,357.818,1.1226,616.956,285.589,1.92957,626.396,314.78,45.4834,626.015,312.821,46.4439,614.57,284.399
263.656,316.101,36.8895,321.707,327.465,18.3457,292.476,509.492,93.1366,286.631,447.266,73.0295,322.8,448.28,34.4087,317.798,517.727,51.3655,239.229,585.858,26.9047,306.006,576.855,66.5991,269.262,583.101,156.477,248.539,599.899,203.107,236.012,612.927,245.624,257.332,645.197,235.82,267.853,635.828,193.899,281.815,621.739,146.618,170.049,743.241,340.8,139.154,641.959,321.832,157.36,667.743,357.816,1.1223,616.957,285.59,1.92912,626.395,314.782,45.4955,626.034,312.81,46.4453,614.571,284.399
263.656,316.1,36.8903,321.707,327.461,18.3472,292.48,509.493,93.1339,286.634,447.264,73.0273,322.802,448.278,34.4043,317.801,517.726,51.3636,239.233,585.86,26.8997,306.007,576.856,66.5975,269.269,583.105,156.474,248.546,599.901,203.105,236.015,612.929,245.621,257.333,645.202,235.816,267.855,635.833,193.896,281.824,621.741,146.63,170.049,743.237,340.798,139.154,641.956,321.83,157.359,667.742,357.816,1.12249,616.956,285.588,1.92971,626.396,314.78,45.494,626.037,312.805,46.4432,614.566,284.399
263.662,316.112,36.8332,321.709,327.46,18.3456,292.485,509.492,93.1331,286.639,447.266,73.0255,322.804,448.278,34.4025,317.803,517.727,51.3632,239.238,585.861,26.8948,306.007,576.858,66.5939,269.276,583.108,156.471,248.552,599.909,203.102,236.019,612.932,245.62,257.343,645.213,235.819,267.858,635.838,193.893,281.825,621.747,146.624,170.05,743.236,340.798,139.163,641.955,321.815,157.362,667.74,357.818,1.12378,616.955,285.589,1.93197,626.398,314.781,45.4955,626.036,312.808,46.4412,614.57,284.398
263.658,316.101,36.8902,321.709,327.461,18.348,292.49,509.494,93.1318,286.64,447.266,73.0255,322.803,448.28,34.3991,317.802,517.725,51.3599,239.232,585.863,26.8969,306.008,576.858,66.5918,269.282,583.114,156.469,248.557,599.912,203.102,236.024,612.935,245.62,257.341,645.215,235.813,267.86,635.846,193.893,281.774,621.885,146.366,170.051,743.233,340.799,139.156,641.956,321.832,157.362,667.737,357.815,1.12308,616.958,285.589,1.92981,626.397,314.781,45.498,626.041,312.806,46.4426,614.571,284.399
263.657,316.099,36.89,321.709,327.461,18.3449,292.492,509.494,93.1324,286.641,447.266,73.0238,322.803,448.277,34.3988,317.804,517.726,51.3617,239.237,585.863,26.8949,306.008,576.858,66.5906,269.288,583.119,156.468,248.565,599.918,203.103,236.027,612.937,245.619,257.341,645.22,235.81,267.86,635.851,193.891,281.775,621.888,146.361,170.051,743.232,340.801,139.156,641.953,321.834,157.363,667.737,357.817,1.1215,616.958,285.589,1.92829,626.397,314.781,45.4971,626.038,312.809,46.444,614.57,284.397
263.658,316.101,36.8913,321.708,327.461,18.3489,292.494,509.495,93.1366,286.639,447.266,73.0265,322.802,448.279,34.4005,317.801,517.727,51.3592,239.234,585.864,26.898,306.004,576.859,66.5933,269.289,583.123,156.467,248.567,599.92,203.105,236.03,612.938,245.621,257.352,645.232,235.821,267.857,635.854,193.889,281.775,621.89,146.365,170.052,743.233,340.803,139.158,641.951,321.835,157.365,667.738,357.818,1.12143,616.958,285.59,1.93821,626.397,314.777,45.4995,626.042,312.81,46.4415,614.57,284.399
263.657,316.1,36.8903,321.709,327.459,18.3491,292.492,509.494,93.1351,286.64,447.265,73.0275,322.801,448.278,34.4027,317.801,517.726,51.3616,239.229,585.863,26.9005,306.005,576.86,66.5961,269.289,583.126,156.468,248.568,599.921,203.104,236.032,612.94,245.623,257.35,645.234,235.819,267.858,635.855,193.888,281.777,621.894,146.366,170.052,743.234,340.806,139.158,641.954,321.836,157.363,667.737,357.821,1.12221,616.96,285.591,1.92838,626.4,314.784,45.4941,626.039,312.808,46.4416,614.571,284.399
263.659,316.111,36.8359,321.708,327.46,18.3483,292.49,509.494,93.1393,286.636,447.265,73.0261,322.798,448.277,34.4044,317.8,517.727,51.3631,239.227,585.862,26.9037,306.003,576.861,66.5962,269.287,583.127,156.469,248.569,599.925,203.107,236.035,612.943,245.626,257.352,645.238,235.823,267.853,635.86,193.888,281.775,621.893,146.366,170.05,743.231,340.805,139.157,641.956,321.838,157.364,667.74,357.823,1.1217,616.96,285.589,1.93032,626.402,314.783,45.4843,626.019,312.824,46.4432,614.573,284.4
263.655,316.099,36.8891,321.706,327.459,18.349,292.485,509.493,93.1426,286.631,447.265,73.0302,322.795,448.278,34.4068,317.794,517.726,51.3641,239.228,585.863,26.9054,306,576.86,66.6003,269.284,583.128,156.471,248.567,599.923,203.109,236.036,612.943,245.628,257.348,645.237,235.821,267.852,635.86,193.891,281.765,621.901,146.359,170.051,743.233,340.809,139.157,641.955,321.844,157.363,667.739,357.824,1.12104,616.955,285.584,1.92899,626.401,314.784,45.498,626.041,312.814,46.4464,614.571,284.403
263.655,316.098,36.8893,321.707,327.46,18.3491,292.478,509.493,93.141,286.629,447.264,73.0315,322.793,448.277,34.4098,317.791,517.724,51.3662,239.222,585.858,26.908,305.996,576.86,66.6038,269.279,583.127,156.477,248.564,599.922,203.111,236.032,612.941,245.631,257.349,645.237,235.826,267.845,635.861,193.889,281.762,621.901,146.358,170.049,743.235,340.81,139.158,641.955,321.852,157.366,667.735,357.86,1.1214,616.96,285.591,1.92969,626.405,314.784,45.4978,626.039,312.814,46.444,614.565,284.404
263.653,316.098,36.8889,321.706,327.458,18.3532,292.463,509.487,93.176,286.624,447.264,73.0344,322.791,448.276,34.4162,317.719,517.858,51.4277,239.22,585.856,26.9107,305.994,576.859,66.6069,269.275,583.123,156.481,248.56,599.92,203.116,236.032,612.939,245.635,257.344,645.234,235.829,267.844,635.861,193.894,281.764,621.892,146.365,170.047,743.235,340.811,139.158,641.956,321.85,157.366,667.736,357.863,1.12321,616.958,285.589,1.93025,626.402,314.787,45.4982,626.039,312.816,46.4433,614.572,284.402
263.653,316.097,36.8875,321.706,327.458,18.3524,292.455,509.488,93.18,286.62,447.269,73.0429,322.79,448.276,34.4212,317.785,517.726,51.3753,239.207,585.857,26.9177,305.991,576.859,66.6097,269.268,583.121,156.483,248.556,599.918,203.119,236.029,612.937,245.638,257.348,645.233,235.833,267.842,635.856,193.896,281.774,621.894,146.38,170.045,743.236,340.813,139.158,641.957,321.855,157.366,667.737,357.869,1.12286,616.953,285.585,1.92953,626.402,314.786,45.499,626.039,312.817,46.4481,614.574,284.405
263.652,316.097,36.8879,321.706,327.457,18.353,292.448,509.487,93.1819,286.615,447.268,73.044,322.787,448.275,34.4209,317.714,517.857,51.4304,239.206,585.858,26.9243,305.992,576.86,66.6136,269.262,583.117,156.487,248.55,599.914,203.121,236.031,612.935,245.643,257.346,645.23,235.835,267.84,635.853,193.9,281.757,621.888,146.362,170.044,743.239,340.815,139.157,641.959,321.858,157.367,667.741,357.869,1.12204,616.952,285.588,1.92897,626.402,314.787,45.4869,626.02,312.83,46.4504,614.567,284.41
263.655,316.109,36.8327,321.706,327.457,18.3565,292.442,509.487,93.1855,286.61,447.269,73.0448,322.786,448.276,34.4268,317.779,517.727,51.3804,239.208,585.854,26.9235,305.98,576.869,66.6397,269.255,583.112,156.49,248.547,599.911,203.124,236.024,612.932,245.643,257.328,645.212,235.855,267.838,635.848,193.901,281.752,621.885,146.359,170.044,743.238,340.819,139.165,641.961,321.848,157.365,667.738,357.873,1.12353,616.955,285.592,1.92842,626.402,314.787,45.4983,626.041,312.817,46.4481,614.572,284.407
263.652,316.107,36.8316,321.706,327.458,18.3551,292.437,509.491,93.1916,286.608,447.268,73.0484,322.775,448.272,34.4303,317.707,517.855,51.431,239.201,585.854,26.9279,305.98,576.869,66.6405,269.241,583.103,156.493,248.532,599.906,203.129,236.022,612.93,245.646,257.324,645.204,235.86,267.837,635.841,193.906,281.749,621.884,146.359,170.041,743.237,340.817,139.158,641.958,321.864,157.364,667.738,357.874,1.12416,616.951,285.588,1.93716,626.398,314.781,45.4968,626.035,312.82,46.4446,614.566,284.412
263.652,316.107,36.832,321.704,327.463,18.3533,292.432,509.487,93.1875,286.606,447.267,73.0483,322.783,448.276,34.4311,317.706,517.858,51.4344,239.202,585.855,26.9283,305.978,576.869,66.6426,269.232,583.093,156.495,248.521,599.91,203.141,236.021,612.926,245.647,257.323,645.199,235.861,267.829,635.829,193.91,281.736,621.878,146.348,170.042,743.236,340.82,139.16,641.958,321.867,157.365,667.738,357.876,1.12393,616.958,285.594,1.93231,626.398,314.788,45.4997,626.036,312.819,46.4451,614.564,284.409
263.651,316.096,36.8877,321.703,327.463,18.3531,292.431,509.491,93.1926,286.604,447.268,73.049,322.775,448.274,34.4324,317.7,517.854,51.4287,239.199,585.856,26.9273,305.977,576.868,66.6407,269.227,583.088,156.497,248.517,599.904,203.141,236.018,612.922,245.647,257.322,645.194,235.863,267.832,635.823,193.913,281.735,621.876,146.348,170.042,743.236,340.822,139.167,641.959,321.858,157.364,667.739,357.877,1.12454,616.957,285.592,1.93082,626.399,314.788,45.5017,626.035,312.82,46.4463,614.563,284.413
263.654,316.108,36.8339,321.703,327.462,18.3534,292.429,509.492,93.1926,286.604,447.266,73.0481,322.773,448.271,34.4317,317.705,517.857,51.4327,239.205,585.865,26.9299,305.976,576.868,66.6433,269.222,583.086,156.496,248.513,599.899,203.141,236.018,612.921,245.641,257.325,645.191,235.866,267.829,635.813,193.932,281.733,621.875,146.346,170.043,743.234,340.821,139.157,641.952,321.871,157.364,667.736,357.879,1.12643,616.955,285.594,1.93902,626.395,314.781,45.4949,626.015,312.833,46.4546,614.566,284.413
263.65,316.096,36.8871,321.704,327.457,18.3548,292.429,509.487,93.1856,286.605,447.267,73.0467,322.773,448.272,34.4272,317.697,517.854,51.4257,239.177,585.864,26.9352,305.975,576.867,66.6379,269.221,583.073,156.499,248.51,599.895,203.139,236.024,612.908,245.644,257.324,645.186,235.866,267.829,635.809,193.933,281.78,621.725,146.682,170.043,743.232,340.823,139.159,641.953,321.87,157.367,667.736,357.877,1.12607,616.946,285.586,1.93263,626.395,314.785,45.4886,626.01,312.833,46.4536,614.569,284.409
263.653,316.108,36.8321,321.705,327.458,18.3546,292.431,509.491,93.1892,286.606,447.266,73.0474,322.774,448.273,34.427,317.699,517.854,51.4264,239.197,585.855,26.93,305.972,576.862,66.627,269.181,583.052,156.501,248.512,599.893,203.14,236.023,612.904,245.643,257.325,645.184,235.869,267.831,635.805,193.934,281.822,621.785,146.831,170.044,743.23,340.823,139.168,641.955,321.856,157.376,667.738,357.873,1.1288,616.952,285.591,1.93958,626.392,314.78,45.5041,626.03,312.82,46.4542,614.564,284.411
263.653,316.108,36.8314,321.705,327.458,18.3534,292.432,509.488,93.1804,286.609,447.269,73.0444,322.783,448.276,34.4263,317.768,517.721,51.3734,239.175,585.858,26.9329,305.978,576.868,66.6352,269.18,583.051,156.5,248.509,599.89,203.136,236.024,612.903,245.642,257.325,645.181,235.866,267.832,635.804,193.934,281.787,621.721,146.69,170.046,743.228,340.822,139.16,641.953,321.869,157.367,667.731,357.877,1.12941,616.95,285.592,1.94193,626.39,314.779,45.5089,626.029,312.818,46.4621,614.561,284.411
263.652,316.096,36.8877,321.702,327.463,18.3515,292.435,509.488,93.1771,286.61,447.266,73.0419,322.782,448.277,34.4223,317.708,517.856,51.428,239.197,585.854,26.9205,305.974,576.86,66.6228,269.184,583.051,156.499,248.512,599.89,203.135,236.024,612.904,245.64,257.326,645.179,235.866,267.835,635.8,193.934,281.79,621.725,146.628,170.048,743.224,340.82,139.162,641.949,321.866,157.369,667.729,357.874,1.13072,616.95,285.591,1.94341,626.387,314.78,45.4965,626.007,312.83,46.4635,614.56,284.414
263.656,316.108,36.8335,321.705,327.458,18.35,292.441,509.488,93.1744,286.615,447.269,73.0408,322.783,448.278,34.4167,317.776,517.724,51.3731,239.197,585.847,26.9213,305.975,576.86,66.6222,269.187,583.051,156.494,248.514,599.888,203.132,236.024,612.902,245.639,257.307,645.14,235.942,267.836,635.809,193.912,281.792,621.726,146.626,170.049,743.223,340.818,139.169,641.952,321.85,157.371,667.729,357.873,1.13111,616.947,285.59,1.94513,626.387,314.779,45.4983,626.003,312.831,46.4683,614.561,284.411
263.656,316.107,36.833,321.704,327.464,18.3497,292.443,509.489,93.1712,286.617,447.263,73.0339,322.787,448.277,34.4127,317.711,517.856,51.4238,239.198,585.846,26.9216,305.988,576.854,66.6068,269.232,583.071,156.489,248.531,599.881,203.115,236.025,612.897,245.641,257.33,645.175,235.865,267.84,635.807,193.913,281.796,621.727,146.626,170.052,743.222,340.818,139.164,641.947,321.861,157.371,667.726,357.874,1.13678,616.945,285.591,1.94186,626.386,314.783,45.5003,626.002,312.831,46.4734,614.56,284.413
263.654,316.098,36.8892,321.706,327.457,18.3504,292.446,509.489,93.1694,286.619,447.263,73.0319,322.789,448.277,34.4151,317.712,517.857,51.4237,239.206,585.851,26.9152,305.99,576.852,66.6027,269.193,583.062,156.486,248.533,599.881,203.112,236.026,612.898,245.641,257.308,645.139,235.94,267.842,635.809,193.912,281.809,621.732,146.634,170.053,743.22,340.818,139.162,641.943,321.859,157.375,667.726,357.872,1.13807,616.943,285.59,1.94929,626.383,314.778,45.5119,626.022,312.816,46.4723,614.559,284.411
263.659,316.108,36.8347,321.706,327.458,18.3504,292.451,509.488,93.1684,286.625,447.263,73.0308,322.79,448.278,34.4096,317.787,517.725,51.3678,239.211,585.852,26.909,305.992,576.853,66.6011,269.252,583.096,156.476,248.538,599.883,203.11,236.03,612.899,245.633,257.331,645.175,235.861,267.846,635.811,193.911,281.811,621.735,146.631,170.055,743.22,340.817,139.164,641.942,321.859,157.373,667.725,357.869,1.1418,616.939,285.59,1.95023,626.38,314.777,45.5044,626,312.826,46.4784,614.555,284.415
263.659,316.108,36.8337,321.706,327.464,18.3471,292.455,509.489,93.1668,286.626,447.263,73.0306,322.792,448.276,34.4092,317.788,517.723,51.3646,239.207,585.851,26.9104,305.996,576.853,66.6014,269.26,583.099,156.476,248.544,599.887,203.11,236.031,612.897,245.636,257.342,645.181,235.837,267.848,635.812,193.908,281.811,621.739,146.628,170.091,743.203,340.825,139.174,641.949,321.84,157.377,667.723,357.87,1.14287,616.937,285.59,1.95074,626.378,314.777,45.5115,625.998,312.829,46.4793,614.542,284.416
263.659,316.099,36.8917,321.704,327.462,18.3455,292.458,509.489,93.168,286.629,447.263,73.0293,322.793,448.279,34.409,317.789,517.724,51.3641,239.207,585.853,26.9119,305.998,576.853,66.5992,269.261,583.092,156.475,248.548,599.893,203.108,236.035,612.897,245.636,257.342,645.182,235.827,267.85,635.815,193.906,281.815,621.74,146.629,170.094,743.202,340.829,139.168,641.943,321.854,157.378,667.721,357.868,1.14715,616.931,285.593,1.95551,626.375,314.778,45.507,625.994,312.829,46.4836,614.54,284.415
263.659,316.099,36.8929,321.707,327.459,18.349,292.461,509.488,93.1702,286.63,447.263,73.03,322.795,448.278,34.4054,317.722,517.857,51.4236,239.211,585.854,26.9089,306,576.854,66.5978,269.269,583.103,156.475,248.554,599.893,203.109,236.04,612.903,245.637,257.343,645.186,235.829,267.857,635.827,193.903,281.818,621.746,146.627,170.093,743.203,340.826,139.189,641.928,321.85,157.385,667.726,357.862,1.14826,616.93,285.592,1.95754,626.372,314.778,45.5101,625.993,312.826,46.4835,614.537,284.417
263.66,316.099,36.8932,321.707,327.463,18.3436,292.476,509.492,93.1376,286.631,447.263,73.0305,322.799,448.278,34.4083,317.794,517.727,51.3635,239.216,585.852,26.9089,306,576.855,66.5958,269.273,583.106,156.472,248.56,599.889,203.112,236.044,612.905,245.637,257.345,645.189,235.823,267.86,635.829,193.899,281.819,621.749,146.627,170.096,743.202,340.824,139.184,641.923,321.868,157.382,667.721,357.869,1.15009,616.924,285.586,1.95979,626.369,314.779,45.5143,625.989,312.829,46.4897,614.539,284.417
